set,family,dispatch,tasks,seed,condition,n,completed,done,failed,makespan_s,latency_mean_s,latency_max_s,distance_m,energy_wh,duplicates,busy_robots,messages,bytes,decision_mean_us,decision_worst_us,plan_calls,plan_worst_ms,separation_breaches,min_separation_m,fence_exits,crashed,sim_time_s,wall_s,leaves,leaf_duplicates
tree/coverage-3x6/s1,coverage,even,3,1,S1,1,1,3,0,275.592,168.211,255.592,1254.881,4.054,0,1,639,132005,0.089,66.655,3,0.067,0,-1.000,0,0,276.600,1.156,38,0
tree/coverage-3x6/s1,coverage,even,3,1,G-RTA-X,2,1,3,0,158.400,123.488,142.464,1318.026,4.649,0,2,833,156742,112.346,38336.739,0,0.000,0,1.802,0,0,159.408,6.440,38,0
tree/coverage-3x6/s1,coverage,even,3,1,G-RTA,2,1,3,0,164.448,127.915,164.448,1381.831,4.831,0,2,785,156724,117.603,12107.859,0,0.000,0,2.583,0,0,165.456,6.742,38,0
tree/coverage-3x6/s1,coverage,even,3,1,G-STA,2,1,3,0,153.728,116.757,136.832,1317.379,4.514,0,2,811,153102,125.260,12162.221,0,0.000,1,0.669,0,0,154.736,6.762,38,0
tree/coverage-3x6/s1,coverage,even,3,1,G-RTA,3,1,3,0,118.208,79.989,89.536,1434.308,5.197,0,3,830,166289,110.416,28131.315,0,0.000,0,2.692,0,0,119.216,7.027,38,0
tree/coverage-3x6/s1,coverage,even,3,1,G-RTA-X,3,1,3,0,115.648,78.933,89.536,1390.027,5.079,0,3,1159,185301,119.533,30616.665,0,0.000,0,2.692,0,0,116.656,7.658,38,0
tree/coverage-3x6/s2,coverage,even,3,2,S1,1,1,3,0,267.048,154.291,227.048,1182.771,3.919,0,1,619,128184,0.109,69.268,3,0.069,0,-1.000,0,0,268.056,1.732,38,0
tree/coverage-3x6/s1,coverage,even,3,1,G-STA,3,1,3,0,116.640,77.749,94.240,1433.511,5.129,0,3,917,171917,130.417,16360.324,0,0.000,1,0.883,0,0,117.648,8.448,38,0
tree/coverage-3x6/s1,coverage,even,3,1,G-RTA,5,1,3,0,99.072,69.984,99.072,1834.312,7.248,0,5,1129,229492,119.789,16213.489,0,0.000,1,0.868,0,0,100.080,11.091,38,0
tree/coverage-3x6/s1,coverage,even,3,1,G-RTA-X,5,1,3,0,94.080,56.960,61.856,1653.719,6.845,0,5,1722,257206,121.857,24081.746,0,0.000,0,3.094,0,0,95.088,11.125,38,0
tree/coverage-3x6/s2,coverage,even,3,2,G-RTA,2,1,3,0,153.440,105.888,133.440,1268.568,4.504,0,2,736,146985,132.384,20150.574,0,0.000,0,3.783,0,0,154.448,7.641,38,0
tree/coverage-3x6/s2,coverage,even,3,2,G-RTA,3,1,3,0,116.800,71.819,76.800,1364.990,5.129,0,3,821,164628,181.920,32136.022,0,0.000,0,3.805,0,0,117.808,11.918,38,0
tree/coverage-3x6/s2,coverage,even,3,2,G-RTA-X,2,1,3,0,158.016,101.973,122.944,1263.164,4.624,0,2,835,156486,190.770,24174.253,0,0.000,0,3.929,0,0,159.024,11.274,38,0
tree/coverage-3x6/s3,coverage,even,3,3,S1,1,1,3,0,294.376,175.005,254.376,1259.892,4.312,0,1,683,141810,0.105,49.969,3,0.050,0,-1.000,0,0,295.384,2.842,40,0
tree/coverage-3x6/s2,coverage,even,3,2,G-RTA-X,3,1,3,0,123.616,78.251,103.616,1406.756,5.411,0,3,1392,206910,190.923,44127.684,0,0.000,1,0.288,0,0,124.624,13.252,38,0
tree/coverage-3x6/s2,coverage,even,3,2,G-STA,2,1,3,0,160.192,91.147,120.192,1290.566,4.689,0,2,848,159497,204.998,36129.655,0,0.000,0,3.929,0,0,161.200,11.987,38,0
tree/coverage-3x6/s1,coverage,even,3,1,G-STA,5,1,3,0,93.376,57.547,73.376,1689.183,6.790,0,5,1718,256214,207.966,32155.638,0,0.000,0,2.661,0,0,94.384,18.147,38,0
tree/coverage-3x6/s2,coverage,even,3,2,G-RTA,5,1,3,0,99.456,60.363,68.800,1812.208,7.251,0,5,1135,230808,188.394,37161.668,0,0.000,1,0.473,0,0,100.464,18.252,38,0
tree/coverage-3x6/s2,coverage,even,3,2,G-STA,3,1,3,0,123.552,71.435,83.552,1372.472,5.407,0,3,1005,184098,201.227,38188.553,0,0.000,1,0.264,0,0,124.560,14.228,38,0
tree/coverage-3x6/s2,coverage,even,3,2,G-RTA-X,5,1,3,0,90.656,55.509,68.960,1653.262,6.620,0,5,2801,318560,204.381,60359.061,0,0.000,0,1.707,0,0,91.664,18.278,38,0
tree/coverage-3x6/s3,coverage,even,3,3,G-RTA,2,1,3,0,181.696,108.949,141.696,1489.026,5.316,0,2,862,173360,230.465,28118.856,0,0.000,0,2.569,0,0,182.704,15.053,40,0
tree/coverage-3x6/s3,coverage,even,3,3,G-RTA-X,2,1,3,0,169.120,113.131,169.120,1362.132,4.947,0,2,884,168476,240.194,37333.220,0,0.000,0,2.569,0,0,170.128,14.471,40,0
tree/coverage-3x6/s2,coverage,even,3,2,G-STA,5,1,3,0,96.320,55.275,57.344,1651.968,7.010,0,5,1873,271088,218.272,24172.849,0,0.000,0,3.300,0,0,97.328,20.409,38,0
tree/coverage-3x6/s3,coverage,even,3,3,G-RTA,3,1,3,0,137.344,88.341,113.184,1626.362,6.005,0,3,956,192949,222.135,36275.625,0,0.000,0,2.171,0,0,138.352,16.892,40,0
tree/coverage-3x6/s3,coverage,even,3,3,G-RTA-X,3,1,3,0,129.088,91.051,121.440,1463.182,5.643,0,3,1006,191208,200.051,40236.273,0,0.000,0,2.750,0,0,130.096,14.217,40,0
tree/coverage-3x6/s4,coverage,even,3,4,S1,1,1,3,0,310.248,196.723,270.248,1360.990,4.553,0,1,719,150374,0.501,8036.638,3,8.037,0,-1.000,0,0,311.256,1.632,44,0
tree/coverage-3x6/s3,coverage,even,3,3,G-STA,2,1,3,0,174.528,104.341,134.528,1353.580,5.090,0,2,909,172886,212.735,23204.729,0,0.000,0,2.569,0,0,175.536,12.853,40,0
tree/coverage-3x6/s3,coverage,even,3,3,G-RTA,5,1,3,0,112.224,68.875,87.040,2063.121,8.165,0,5,1269,258673,186.225,33148.328,0,0.000,0,2.273,0,0,113.232,19.701,40,0
tree/coverage-3x6/s3,coverage,even,3,3,G-RTA-X,5,1,3,0,106.912,53.323,66.912,1736.834,7.740,0,5,1334,254648,165.895,24194.315,0,0.000,0,2.273,0,0,107.920,16.552,40,0
tree/coverage-3x6/s3,coverage,even,3,3,G-STA,3,1,3,0,129.216,74.773,89.216,1467.889,5.648,0,3,999,190905,149.060,24268.164,0,0.000,0,2.171,0,0,130.224,11.016,40,0
tree/coverage-3x6/s4,coverage,even,3,4,G-RTA,2,1,3,0,173.344,119.168,151.488,1459.062,5.077,0,2,828,167160,162.258,24110.814,0,0.000,0,1.991,0,0,174.352,10.044,44,0
tree/coverage-3x6/s4,coverage,even,3,4,G-RTA-X,2,1,3,0,173.440,119.243,151.616,1457.481,5.077,0,2,920,174562,191.669,32208.195,0,0.000,0,1.991,0,0,174.448,11.623,44,0
tree/coverage-3x6/s4,coverage,even,3,4,G-RTA,3,1,3,0,140.960,92.576,120.960,1703.998,6.168,0,3,985,200370,192.764,28246.607,0,0.000,0,2.868,0,0,141.968,15.009,44,0
tree/coverage-3x6/s3,coverage,even,3,3,G-STA,5,1,3,0,106.976,53.493,66.976,1736.832,7.744,0,5,1337,254786,159.720,32173.064,0,0.000,0,2.273,0,0,107.984,16.489,40,0
tree/coverage-3x6/s4,coverage,even,3,4,G-RTA-X,3,1,3,0,133.856,90.197,113.856,1623.632,5.856,0,3,1029,197502,188.253,32139.718,0,0.000,0,2.868,0,0,134.864,13.651,44,0
tree/coverage-3x6/s5,coverage,even,3,5,S1,1,1,3,0,276.712,166.867,256.712,1295.887,4.081,0,1,642,134015,0.466,12097.922,3,12.098,0,-1.000,0,0,277.720,2.704,42,0
tree/coverage-3x6/s4,coverage,even,3,4,G-STA,2,1,3,0,172.000,113.280,152.000,1440.104,5.033,0,2,901,172579,283.607,36235.927,0,0.000,0,1.991,0,0,173.008,16.708,44,0
tree/coverage-3x6/s4,coverage,even,3,4,G-RTA,5,1,3,0,117.728,71.915,77.728,2265.066,8.564,0,5,1329,270777,228.197,24181.570,0,0.000,1,0.297,0,0,118.736,24.555,44,0
tree/coverage-3x6/s4,coverage,even,3,4,G-STA,3,1,3,0,138.400,88.533,103.744,1619.754,6.060,0,3,1057,202566,263.970,52045.774,0,0.000,0,2.868,0,0,139.408,19.092,44,0
tree/coverage-3x6/s5,coverage,even,3,5,G-RTA,2,1,3,0,161.536,114.592,141.568,1461.011,4.761,0,2,776,155961,229.540,28207.735,0,0.000,0,1.257,0,0,162.544,13.406,42,0
tree/coverage-3x6/s4,coverage,even,3,4,G-RTA-X,5,1,3,0,108.000,71.125,79.840,1892.307,7.827,0,5,1872,289333,241.001,24273.231,0,0.000,0,3.176,0,0,109.008,23.892,44,0
tree/coverage-3x6/s5,coverage,even,3,5,G-RTA,3,1,3,0,126.240,84.565,106.240,1629.936,5.570,0,3,887,178889,219.950,28135.303,0,0.000,0,2.692,0,0,127.248,15.126,42,0
tree/coverage-3x6/s5,coverage,even,3,5,G-RTA-X,2,1,3,0,161.984,114.464,141.984,1380.314,4.762,0,2,1114,177496,175.013,28235.654,0,0.000,0,2.951,0,0,162.992,10.235,42,0
tree/coverage-3x6/s5,coverage,even,3,5,G-RTA-X,3,1,3,0,116.352,74.293,96.352,1428.940,5.126,0,3,916,172512,172.468,16185.973,0,0.000,0,2.807,0,0,117.360,10.959,42,0
tree/coverage-3x6/s6,coverage,even,3,6,S1,1,1,3,0,244.520,136.136,224.520,1104.456,3.604,0,1,569,118044,0.094,50.142,3,0.050,0,-1.000,0,0,245.528,1.076,36,0
tree/coverage-3x6/s5,coverage,even,3,5,G-RTA,5,1,3,0,103.840,55.275,83.840,2030.257,7.593,0,5,1184,240815,195.712,36812.757,0,0.000,2,0.028,0,0,104.848,19.031,42,0
tree/coverage-3x6/s4,coverage,even,3,4,G-STA,5,1,3,0,100.320,59.701,68.000,1956.211,7.301,0,5,1276,244684,259.775,47092.538,0,0.000,0,1.020,0,0,101.328,23.223,44,0
tree/coverage-3x6/s5,coverage,even,3,5,G-STA,2,1,3,0,161.984,114.464,141.984,1380.314,4.762,0,2,854,162154,144.077,24156.638,0,0.000,0,2.951,0,0,162.992,8.202,42,0
tree/coverage-3x6/s5,coverage,even,3,5,G-STA,3,1,3,0,116.544,82.581,96.544,1490.498,5.158,0,3,924,173593,151.407,16120.768,0,0.000,0,2.807,0,0,117.552,9.420,42,0
tree/coverage-3x6/s6,coverage,even,3,6,G-RTA,2,1,3,0,147.776,94.389,127.776,1293.312,4.347,0,2,708,141160,109.598,16148.925,0,0.000,0,2.092,0,0,148.784,5.836,36,0
tree/coverage-3x6/s6,coverage,even,3,6,G-RTA-X,2,1,3,0,141.408,77.728,121.408,1186.271,4.162,0,2,766,142487,121.059,35363.326,0,0.000,0,1.084,0,0,142.416,6.410,36,0
tree/coverage-3x6/s5,coverage,even,3,5,G-RTA-X,5,1,3,0,96.192,52.309,76.192,1786.760,7.015,0,5,2003,277767,158.208,20171.698,0,0.000,0,2.537,0,0,97.200,14.686,42,0
tree/coverage-3x6/s5,coverage,even,3,5,G-STA,5,1,3,0,92.928,51.403,72.928,1718.047,6.785,0,5,1586,249077,141.104,21576.893,0,0.000,0,1.695,0,0,93.936,12.184,42,0
tree/coverage-3x6/s6,coverage,even,3,6,G-RTA,3,1,3,0,121.248,71.776,101.248,1440.967,5.343,0,3,849,171213,105.490,16142.293,0,0.000,0,1.054,0,0,122.256,7.407,36,0
tree/coverage-3x6/s6,coverage,even,3,6,G-RTA-X,3,1,3,0,102.880,69.888,82.880,1234.413,4.530,0,3,809,152681,122.114,19050.802,0,0.000,0,3.511,0,0,103.888,6.947,36,0
tree/coverage-3x6/s7,coverage,even,3,7,S1,1,1,3,0,238.600,142.397,218.600,1056.997,3.514,0,1,554,114627,0.119,358.506,3,0.359,0,-1.000,0,0,239.608,0.784,34,0
tree/coverage-3x6/s6,coverage,even,3,6,G-RTA,5,1,3,0,90.112,54.229,67.808,1645.711,6.612,0,5,1030,209512,134.364,32278.418,0,0.000,0,3.210,0,0,91.120,11.849,36,0
tree/coverage-3x6/s6,coverage,even,3,6,G-RTA-X,5,1,3,0,85.856,47.349,65.856,1435.482,6.249,0,5,1348,221669,131.357,20038.407,0,0.000,0,3.516,0,0,86.864,11.068,36,0
tree/coverage-3x6/s6,coverage,even,3,6,G-STA,2,1,3,0,149.408,80.288,129.408,1240.913,4.403,0,2,788,149098,145.726,16148.047,0,0.000,0,3.885,0,0,150.416,8.091,36,0
tree/coverage-3x6/s7,coverage,even,3,7,G-RTA,2,1,3,0,146.464,97.301,109.344,1201.587,4.318,0,2,700,139612,134.747,32139.135,0,0.000,0,1.059,0,0,147.472,7.234,34,0
tree/coverage-3x6/s6,coverage,even,3,6,G-STA,3,1,3,0,114.880,61.184,94.880,1302.596,5.044,0,3,895,168407,134.983,22657.595,0,0.000,0,3.511,0,0,115.888,8.803,36,0
tree/coverage-3x6/s7,coverage,even,3,7,G-RTA,3,1,3,0,109.440,64.640,74.400,1256.928,4.828,0,3,773,155951,149.979,16301.388,0,0.000,0,3.212,0,0,110.448,9.215,34,0
tree/coverage-3x6/s6,coverage,even,3,6,G-STA,5,1,3,0,86.176,46.635,55.488,1469.725,6.280,0,5,1096,206783,134.451,20112.337,0,0.000,0,3.210,0,0,87.184,11.509,36,0
tree/coverage-3x6/s7,coverage,even,3,7,G-RTA-X,2,1,3,0,146.464,97.301,109.344,1198.712,4.317,0,2,773,145256,127.135,20109.810,0,0.000,0,1.208,0,0,147.472,6.922,34,0
tree/coverage-3x6/s7,coverage,even,3,7,G-RTA,5,1,3,0,87.776,48.043,50.976,1618.089,6.418,0,5,1002,202417,128.367,22592.658,0,0.000,2,0.384,0,0,88.784,11.132,34,0
tree/coverage-3x6/s8,coverage,even,3,8,S1,1,1,3,0,297.864,180.872,257.864,1238.003,4.342,0,1,689,141335,0.305,8044.179,3,8.044,0,-1.000,0,0,298.872,1.274,34,0
tree/coverage-3x6/s7,coverage,even,3,7,G-RTA-X,3,1,3,0,107.488,64.405,73.856,1160.521,4.723,0,3,858,158858,138.217,20147.180,0,0.000,0,3.692,0,0,108.496,8.606,34,0
tree/coverage-3x6/s7,coverage,even,3,7,G-STA,2,1,3,0,146.464,97.301,109.344,1198.712,4.317,0,2,773,145253,156.491,20139.165,0,0.000,0,1.208,0,0,147.472,8.215,34,0
tree/coverage-3x6/s7,coverage,even,3,7,G-STA,3,1,3,0,107.616,64.448,73.856,1160.604,4.728,0,3,854,158616,151.137,20182.253,0,0.000,0,3.692,0,0,108.624,8.939,34,0
tree/coverage-3x6/s7,coverage,even,3,7,G-RTA-X,5,1,3,0,88.864,50.560,52.768,1476.203,6.480,0,5,1166,214738,133.199,16165.357,0,0.000,0,3.163,0,0,89.872,11.875,34,0
tree/coverage-3x6/s8,coverage,even,3,8,G-RTA,2,1,3,0,168.480,104.960,128.480,1322.636,4.910,0,2,796,159070,150.567,18169.182,0,0.000,0,2.051,0,0,169.488,9.522,34,0
tree/coverage-3x6/s7,coverage,even,3,7,G-STA,5,1,3,0,86.912,46.923,50.048,1488.983,6.332,0,5,1093,207619,144.945,20251.952,0,0.000,0,3.854,0,0,87.920,12.251,34,0
tree/coverage-3x6/s8,coverage,even,3,8,G-RTA-X,2,1,3,0,167.936,104.640,127.936,1317.917,4.892,0,2,870,164770,130.999,20165.903,0,0.000,0,2.051,0,0,168.944,8.361,34,0
tree/coverage-3x6/s8,coverage,even,3,8,G-RTA,3,1,3,0,137.952,82.123,97.952,1564.250,6.020,0,3,952,191655,148.462,24147.556,0,0.000,0,2.408,0,0,138.960,11.813,34,0
tree/coverage-3x6/s9,coverage,even,3,9,S1,1,1,3,0,304.232,172.637,264.232,1243.500,4.439,0,1,705,145566,0.097,52.478,3,0.052,0,-1.000,0,0,305.240,1.234,38,0
tree/coverage-3x6/s8,coverage,even,3,8,G-RTA-X,3,1,3,0,130.560,75.712,90.560,1504.201,5.699,0,3,1006,191167,130.981,16166.208,0,0.000,0,2.000,0,0,131.568,9.893,34,0
tree/coverage-3x6/s8,coverage,even,3,8,G-RTA,5,1,3,0,101.728,62.464,66.720,1805.470,7.384,0,5,1150,234072,134.706,25666.010,0,0.000,2,0.869,0,0,102.736,13.613,34,0
tree/coverage-3x6/s8,coverage,even,3,8,G-STA,2,1,3,0,174.656,104.928,134.656,1316.173,5.073,0,2,899,170899,127.759,20184.316,0,0.000,0,2.051,0,0,175.664,8.635,34,0
tree/coverage-3x6/s8,coverage,even,3,8,G-RTA-X,5,1,3,0,106.112,54.827,66.112,1796.427,7.671,0,5,1337,252146,132.257,24167.373,0,0.000,0,2.261,0,0,107.120,14.145,34,0
tree/coverage-3x6/s9,coverage,even,3,9,G-RTA,2,1,3,0,179.904,114.571,139.904,1424.175,5.234,0,2,852,171244,129.736,17619.815,0,0.000,0,3.603,0,0,180.912,8.674,38,0
tree/coverage-3x6/s8,coverage,even,3,8,G-STA,3,1,3,0,137.632,75.712,97.632,1576.213,5.988,0,3,1050,199166,150.554,20125.536,0,0.000,0,1.257,0,0,138.640,12.192,34,0
tree/coverage-3x6/s9,coverage,even,3,9,G-RTA,3,1,3,0,128.768,77.451,108.768,1449.647,5.622,0,3,898,180689,138.864,21128.005,0,0.000,0,3.858,0,0,129.776,10.461,38,0
tree/coverage-3x6/s9,coverage,even,3,9,G-RTA-X,2,1,3,0,179.936,114.581,139.936,1370.730,5.232,0,2,933,177813,143.854,16204.778,0,0.000,0,3.603,0,0,180.944,9.685,38,0
tree/coverage-3x6/s8,coverage,even,3,8,G-STA,5,1,3,0,96.128,59.477,66.880,1626.013,6.975,0,5,1201,228795,148.399,20164.201,0,0.000,0,2.354,0,0,97.136,14.108,34,0
tree/coverage-3x6/s9,coverage,even,3,9,G-RTA-X,3,1,3,0,128.768,77.483,108.768,1381.282,5.612,0,3,995,187974,138.233,20148.546,0,0.000,0,3.951,0,0,129.776,10.207,38,0
tree/coverage-3x6/s10,coverage,even,3,10,S1,1,1,3,0,289.064,175.837,269.064,1270.749,4.246,0,1,669,139134,0.103,79.149,3,0.079,0,-1.000,0,0,290.072,1.958,40,0
tree/coverage-3x6/s9,coverage,even,3,9,G-RTA,5,1,3,0,111.648,57.483,71.648,2034.174,8.118,0,5,1262,257129,142.346,27452.532,0,0.000,3,0.036,0,0,112.656,15.796,38,0
tree/coverage-3x6/s9,coverage,even,3,9,G-STA,2,1,3,0,179.936,114.581,139.936,1370.730,5.232,0,2,933,177804,137.330,28100.421,0,0.000,0,3.603,0,0,180.944,9.459,38,0
tree/coverage-3x6/s9,coverage,even,3,9,G-RTA-X,5,1,3,0,93.600,54.677,72.000,1573.818,6.793,0,5,1207,226647,143.055,16174.850,0,0.000,0,3.906,0,0,94.608,13.051,38,0
tree/coverage-3x6/s10,coverage,even,3,10,G-RTA,2,1,3,0,160.608,102.357,120.608,1297.206,4.711,0,2,770,154955,178.210,32235.576,0,0.000,0,2.922,0,0,161.616,10.045,40,0
tree/coverage-3x6/s9,coverage,even,3,9,G-STA,3,1,3,0,143.008,80.032,103.008,1647.065,6.231,0,3,1115,209449,158.535,20124.688,0,0.000,3,0.112,0,0,144.016,13.000,38,0
tree/coverage-3x6/s10,coverage,even,3,10,G-RTA,3,1,3,0,122.432,95.307,102.432,1404.998,5.370,0,3,860,174152,165.483,36300.710,0,0.000,0,2.043,0,0,123.440,11.203,40,0
tree/coverage-3x6/s9,coverage,even,3,9,G-STA,5,1,3,0,107.616,53.867,67.616,1897.025,7.792,0,5,1355,256257,145.218,20544.856,0,0.000,0,3.482,0,0,108.624,15.231,38,0
tree/perimeter-3x6/s1,perimeter,even,3,1,S1,1,1,3,0,238.472,138.856,198.472,862.117,3.497,0,1,554,129520,0.109,148.486,3,0.148,0,-1.000,0,0,239.480,1.367,92,0
tree/coverage-3x6/s10,coverage,even,3,10,G-RTA-X,3,1,3,0,122.432,94.645,102.432,1405.058,5.373,0,3,961,181731,150.014,32091.324,0,0.000,0,2.043,0,0,123.440,10.440,40,0
tree/coverage-3x6/s10,coverage,even,3,10,G-RTA-X,2,1,3,0,160.544,102.336,120.544,1295.738,4.711,0,2,847,161020,196.819,40138.930,0,0.000,0,2.922,0,0,161.552,11.322,40,0
tree/coverage-3x6/s10,coverage,even,3,10,G-RTA,5,1,3,0,104.512,63.829,67.264,1959.411,7.600,0,5,1188,241714,181.106,41511.126,0,0.000,0,1.945,0,0,105.520,18.025,40,0
tree/coverage-3x6/s10,coverage,even,3,10,G-STA,2,1,3,0,164.224,98.421,124.224,1337.138,4.815,0,2,863,163785,192.837,25813.934,0,0.000,0,3.741,0,0,165.232,11.379,40,0
tree/coverage-3x6/s10,coverage,even,3,10,G-STA,3,1,3,0,127.520,79.861,90.368,1507.812,5.603,0,3,994,187914,203.130,28298.224,0,0.000,0,2.043,0,0,128.528,14.048,40,0
tree/coverage-3x6/s10,coverage,even,3,10,G-RTA-X,5,1,3,0,97.792,55.744,57.792,1697.794,7.115,0,5,1251,235694,186.015,24697.849,0,0.000,0,1.881,0,0,98.800,17.205,40,0
tree/coverage-3x6/s10,coverage,even,3,10,G-STA,5,1,3,0,102.176,59.275,65.600,1858.489,7.426,0,5,1313,247530,197.397,28903.196,0,0.000,2,0.158,0,0,103.184,18.961,40,0
tree/perimeter-3x6/s1,perimeter,even,3,1,G-RTA,2,1,3,0,147.200,87.147,107.200,984.454,4.322,0,2,763,157822,404.079,28371.746,0,0.000,13,0.433,0,0,148.208,17.963,92,0
tree/perimeter-3x6/s1,perimeter,even,3,1,G-RTA-X,2,1,3,0,147.552,87.413,107.552,946.867,4.327,0,2,844,163865,403.956,20183.352,0,0.000,6,0.749,0,0,148.560,17.945,92,0
tree/perimeter-3x6/s2,perimeter,even,3,2,S1,1,1,3,0,229.480,133.811,189.480,855.782,3.364,0,1,535,126046,0.682,8182.483,3,8.182,0,-1.000,0,0,230.488,1.411,92,0
tree/perimeter-3x6/s1,perimeter,even,3,1,G-RTA-X,3,1,3,0,111.168,72.288,75.360,1064.769,4.882,0,3,1201,197643,393.593,24377.580,0,0.000,0,2.966,0,0,112.176,20.297,92,0
tree/perimeter-3x6/s1,perimeter,even,3,1,G-RTA,3,1,3,0,135.328,83.328,95.328,1402.711,5.971,0,3,998,206260,417.414,24578.848,0,0.000,3,0.028,0,0,136.336,25.732,92,1
tree/perimeter-3x6/s1,perimeter,even,3,1,G-STA,2,1,3,0,147.552,87.413,107.552,946.867,4.327,0,2,840,163633,393.754,20508.694,0,0.000,6,0.749,0,0,148.560,17.319,92,0
tree/perimeter-3x6/s1,perimeter,even,3,1,G-RTA,5,1,3,0,96.288,52.843,57.472,1557.967,7.051,0,5,1153,238682,387.698,22136.423,0,0.000,0,3.381,0,0,97.296,30.760,92,0
tree/perimeter-3x6/s2,perimeter,even,3,2,G-RTA,2,1,3,0,132.544,80.309,92.544,902.690,3.883,0,2,698,145046,377.305,20408.781,0,0.000,0,2.534,0,0,133.552,15.132,92,0
tree/perimeter-3x6/s1,perimeter,even,3,1,G-STA,3,1,3,0,110.016,71.915,78.624,1049.333,4.829,0,3,923,180444,454.845,24428.878,0,0.000,1,0.484,0,0,111.024,22.997,92,0
tree/perimeter-3x6/s1,perimeter,even,3,1,G-RTA-X,5,1,3,0,91.232,52.757,57.696,1415.473,6.673,0,5,1755,269443,405.058,25743.987,0,0.000,0,2.407,0,0,92.240,30.283,92,0
tree/perimeter-3x6/s2,perimeter,even,3,2,G-RTA-X,2,1,3,0,132.544,80.309,92.544,848.296,3.882,0,2,764,150044,402.710,20593.786,0,0.000,0,2.534,0,0,133.552,16.378,92,0
tree/perimeter-3x6/s2,perimeter,even,3,2,G-RTA,3,1,3,0,117.952,71.851,77.952,1187.200,5.177,0,3,884,183177,415.757,20444.698,0,0.000,2,0.276,0,0,118.960,22.918,92,0
tree/perimeter-3x6/s3,perimeter,even,3,3,S1,1,1,3,0,248.008,151.827,208.008,898.069,3.637,0,1,576,135579,0.655,8098.727,3,8.099,0,-1.000,0,0,249.016,1.668,98,0
tree/perimeter-3x6/s1,perimeter,even,3,1,G-STA,5,1,3,0,100.128,59.637,74.784,1664.934,7.330,0,5,1868,290252,450.678,29484.097,0,0.000,1,0.530,0,0,101.136,37.130,92,0
tree/perimeter-3x6/s2,perimeter,even,3,2,G-STA,2,1,3,0,132.544,80.309,92.544,848.296,3.882,0,2,760,149815,405.676,24277.895,0,0.000,0,2.534,0,0,133.552,16.627,92,0
tree/perimeter-3x6/s2,perimeter,even,3,2,G-RTA-X,3,1,3,0,116.640,71.413,76.640,1116.867,5.118,0,3,979,189132,465.912,28334.142,0,0.000,0,2.168,0,0,117.648,25.686,92,0
tree/perimeter-3x6/s2,perimeter,even,3,2,G-RTA,5,1,3,0,97.408,52.896,57.408,1552.863,7.091,0,5,1163,240626,420.004,28303.547,0,0.000,0,1.594,0,0,98.416,33.434,92,0
tree/perimeter-3x6/s2,perimeter,even,3,2,G-STA,3,1,3,0,118.688,71.061,78.688,1158.111,5.216,0,3,978,190529,482.886,40473.901,0,0.000,4,0.186,0,0,119.696,26.590,92,0
tree/perimeter-3x6/s3,perimeter,even,3,3,G-RTA,2,1,3,0,157.056,97.323,137.056,1071.639,4.601,0,2,811,168662,445.718,36217.254,0,0.000,3,0.793,0,0,158.064,21.081,98,0
tree/perimeter-3x6/s2,perimeter,even,3,2,G-RTA-X,5,1,3,0,92.384,53.589,58.144,1499.591,6.754,0,5,2261,302534,465.090,21504.068,0,0.000,0,1.658,0,0,93.392,35.256,92,0
tree/perimeter-3x6/s3,perimeter,even,3,3,G-RTA-X,2,1,3,0,155.104,96.672,135.104,1071.445,4.547,0,2,885,173520,436.876,19851.872,0,0.000,0,3.042,0,0,156.112,20.434,98,0
tree/perimeter-3x6/s2,perimeter,even,3,2,G-STA,5,1,3,0,103.552,60.459,70.400,1597.533,7.547,0,5,1475,271553,419.741,36391.297,0,0.000,0,2.561,0,0,104.560,35.317,92,0
tree/perimeter-3x6/s4,perimeter,even,3,4,S1,1,1,3,0,270.600,168.413,230.600,1031.764,3.961,0,1,628,148089,0.338,8050.584,3,8.051,0,-1.000,0,0,271.608,1.449,106,0
tree/perimeter-3x6/s3,perimeter,even,3,3,G-RTA,3,1,3,0,116.672,74.656,85.248,1170.870,5.132,0,3,881,183422,496.094,24510.614,0,0.000,1,0.988,0,0,117.680,26.359,98,0
tree/perimeter-3x6/s3,perimeter,even,3,3,G-RTA-X,3,1,3,0,116.672,74.656,85.248,1087.129,5.116,0,3,1257,207113,429.822,20563.259,0,0.000,0,1.311,0,0,117.680,22.895,98,0
tree/perimeter-3x6/s3,perimeter,even,3,3,G-STA,2,1,3,0,155.104,96.672,135.104,1071.446,4.547,0,2,887,173652,457.370,24347.128,0,0.000,0,3.042,0,0,156.112,21.233,98,0
tree/perimeter-3x6/s3,perimeter,even,3,3,G-RTA,5,1,3,0,102.848,58.315,82.848,1671.382,7.514,0,5,1230,256048,508.813,20857.005,0,0.000,0,2.132,0,0,103.856,41.198,98,0
tree/perimeter-3x6/s3,perimeter,even,3,3,G-STA,3,1,3,0,125.664,78.805,85.664,1248.646,5.517,0,3,1055,203710,496.252,21011.460,0,0.000,0,2.947,0,0,126.672,28.580,98,0
tree/perimeter-3x6/s3,perimeter,even,3,3,G-RTA-X,5,1,3,0,109.376,62.005,89.376,1732.580,7.956,0,5,2065,318746,444.653,20227.899,0,0.000,5,0.237,0,0,110.384,39.185,98,0
tree/perimeter-3x6/s4,perimeter,even,3,4,G-RTA,2,1,3,0,167.296,101.013,127.296,1193.818,4.892,0,2,863,179716,514.734,20695.045,0,0.000,0,2.436,0,0,168.304,25.096,106,0
tree/perimeter-3x6/s4,perimeter,even,3,4,G-RTA,3,1,3,0,122.272,75.424,82.272,1250.723,5.357,0,3,926,193832,519.464,24484.874,0,0.000,0,2.062,0,0,123.280,28.801,106,0
tree/perimeter-3x6/s4,perimeter,even,3,4,G-RTA-X,2,1,3,0,167.296,101.013,127.296,1166.642,4.894,0,2,941,185782,472.014,30349.690,0,0.000,0,2.436,0,0,168.304,23.431,106,0
tree/perimeter-3x6/s5,perimeter,even,3,5,S1,1,1,3,0,248.072,143.005,228.072,941.596,3.642,0,1,576,136495,0.510,12048.916,3,12.049,0,-1.000,0,0,249.080,1.414,102,0
tree/perimeter-3x6/s3,perimeter,even,3,3,G-STA,5,1,3,0,105.024,60.619,65.376,1647.722,7.650,0,5,1419,271903,488.937,24386.948,0,0.000,4,0.361,0,0,106.032,41.022,98,0
tree/perimeter-3x6/s4,perimeter,even,3,4,G-RTA-X,3,1,3,0,122.272,75.424,82.272,1250.739,5.356,0,3,1011,200567,487.119,20354.220,0,0.000,0,2.062,0,0,123.280,26.909,106,0
tree/perimeter-3x6/s4,perimeter,even,3,4,G-RTA,5,1,3,0,115.552,71.893,82.688,1947.052,8.430,0,5,1371,285264,501.863,29856.134,0,0.000,0,2.818,0,0,116.560,46.291,106,0
tree/perimeter-3x6/s4,perimeter,even,3,4,G-STA,2,1,3,0,167.296,101.013,127.296,1166.642,4.894,0,2,941,185795,518.472,24433.565,0,0.000,0,2.436,0,0,168.304,26.123,106,0
tree/perimeter-3x6/s4,perimeter,even,3,4,G-STA,3,1,3,0,122.272,75.424,82.272,1250.739,5.356,0,3,1011,200552,529.336,24378.970,0,0.000,0,2.062,0,0,123.280,29.728,106,0
tree/perimeter-3x6/s5,perimeter,even,3,5,G-RTA,2,1,3,0,145.408,77.557,125.408,1057.830,4.276,0,2,765,159293,453.488,28390.014,0,0.000,0,3.610,0,0,146.416,19.606,102,0
tree/perimeter-3x6/s5,perimeter,even,3,5,G-RTA,3,1,3,0,119.136,68.437,99.136,1272.294,5.245,0,3,904,189047,468.631,33045.682,0,0.000,0,2.694,0,0,120.144,25.786,102,0
tree/perimeter-3x6/s5,perimeter,even,3,5,G-RTA-X,2,1,3,0,145.408,77.536,125.408,997.924,4.270,0,2,837,164783,463.183,24788.605,0,0.000,0,3.664,0,0,146.416,19.939,102,0
tree/perimeter-3x6/s4,perimeter,even,3,4,G-RTA-X,5,1,3,0,112.544,70.891,82.688,1801.026,8.199,0,5,1503,291107,525.160,24429.513,0,0.000,0,2.369,0,0,113.552,47.023,106,0
tree/perimeter-3x6/s6,perimeter,even,3,6,S1,1,1,3,0,230.664,134.099,190.664,871.015,3.385,0,1,537,127662,0.099,137.571,3,0.138,0,-1.000,0,0,231.672,1.427,96,0
tree/perimeter-3x6/s5,perimeter,even,3,5,G-RTA-X,3,1,3,0,118.784,68.320,98.784,1227.962,5.230,0,3,1394,217301,435.680,20309.693,0,0.000,0,2.694,0,0,119.792,23.845,102,0
tree/perimeter-3x6/s5,perimeter,even,3,5,G-STA,2,1,3,0,145.408,77.536,125.408,997.924,4.270,0,2,837,164776,471.871,29104.882,0,0.000,0,3.664,0,0,146.416,20.199,102,0
tree/perimeter-3x6/s4,perimeter,even,3,4,G-STA,5,1,3,0,125.344,74.603,85.344,1932.720,9.101,0,5,1621,317263,487.383,33646.323,0,0.000,0,2.660,0,0,126.352,48.624,106,0
tree/perimeter-3x6/s5,perimeter,even,3,5,G-RTA,5,1,3,0,113.120,58.827,93.120,1954.632,8.285,0,5,1341,278907,462.075,24466.345,0,0.000,11,0.065,0,0,114.128,41.985,102,0
tree/perimeter-3x6/s5,perimeter,even,3,5,G-STA,3,1,3,0,118.784,68.320,98.784,1227.962,5.230,0,3,1006,194387,425.861,24194.915,0,0.000,0,2.694,0,0,119.792,22.893,102,0
tree/perimeter-3x6/s6,perimeter,even,3,6,G-RTA,2,1,3,0,147.936,76.661,127.936,1056.165,4.353,0,2,769,159632,411.599,26683.930,0,0.000,0,2.136,0,0,148.944,18.183,96,0
tree/perimeter-3x6/s6,perimeter,even,3,6,G-RTA-X,2,1,3,0,147.936,76.661,127.936,1056.068,4.353,0,2,840,165266,368.044,28368.839,0,0.000,0,2.136,0,0,148.944,16.494,96,0
tree/perimeter-3x6/s6,perimeter,even,3,6,G-RTA,3,1,3,0,98.336,62.560,78.336,1007.551,4.344,0,3,761,158349,447.633,24335.174,0,0.000,0,2.215,0,0,99.344,19.922,96,0
tree/perimeter-3x6/s5,perimeter,even,3,5,G-RTA-X,5,1,3,0,103.552,59.488,83.552,1650.898,7.555,0,5,2717,349136,481.276,28648.152,0,0.000,4,0.156,0,0,104.560,40.146,102,0
tree/perimeter-3x6/s7,perimeter,even,3,7,S1,1,1,3,0,250.472,150.205,230.472,912.524,3.675,0,1,582,137341,0.098,143.499,3,0.143,0,-1.000,0,0,251.480,1.285,100,0
tree/perimeter-3x6/s6,perimeter,even,3,6,G-RTA-X,3,1,3,0,98.080,62.411,77.888,960.653,4.322,0,3,832,163447,313.533,24495.953,0,0.000,0,2.215,0,0,99.088,14.294,96,0
tree/perimeter-3x6/s6,perimeter,even,3,6,G-STA,2,1,3,0,147.936,76.661,127.936,1056.068,4.353,0,2,840,165249,388.883,20426.117,0,0.000,0,2.136,0,0,148.944,17.449,96,0
tree/perimeter-3x6/s6,perimeter,even,3,6,G-RTA,5,1,3,0,84.128,50.752,60.704,1368.034,6.172,0,5,1025,213537,455.292,20322.864,0,0.000,0,1.772,0,0,85.136,30.695,96,0
tree/perimeter-3x6/s5,perimeter,even,3,5,G-STA,5,1,3,0,96.800,61.024,76.800,1627.961,7.089,0,5,2568,329265,540.782,24329.221,0,0.000,2,0.554,0,0,97.808,41.069,102,0
tree/perimeter-3x6/s6,perimeter,even,3,6,G-RTA-X,5,1,3,0,88.704,51.285,56.160,1408.107,6.487,0,5,1582,253902,379.113,24354.056,0,0.000,2,0.479,0,0,89.712,27.025,96,0
tree/perimeter-3x6/s6,perimeter,even,3,6,G-STA,3,1,3,0,119.776,67.189,79.776,1267.616,5.273,0,3,993,195026,403.143,24531.364,0,0.000,0,2.215,0,0,120.784,22.672,96,0
tree/perimeter-3x6/s7,perimeter,even,3,7,G-RTA,2,1,3,0,154.528,94.197,114.528,1092.996,4.539,0,2,803,166843,443.034,24112.128,0,0.000,0,2.558,0,0,155.536,20.742,100,0
tree/perimeter-3x6/s7,perimeter,even,3,7,G-RTA,3,1,3,0,119.520,68.224,79.520,1210.495,5.257,0,3,905,189012,473.153,22158.822,0,0.000,0,2.034,0,0,120.528,25.804,100,0
tree/perimeter-3x6/s6,perimeter,even,3,6,G-STA,5,1,3,0,91.520,48.437,54.976,1470.795,6.701,0,5,1241,240618,467.682,20359.419,0,0.000,0,2.994,0,0,92.528,34.604,96,0
tree/perimeter-3x6/s7,perimeter,even,3,7,G-RTA-X,2,1,3,0,154.528,94.197,114.528,1065.458,4.532,0,2,879,172664,487.268,28214.972,0,0.000,0,2.558,0,0,155.536,22.161,100,0
tree/perimeter-3x6/s8,perimeter,even,3,8,S1,1,1,3,0,256.200,150.867,236.200,987.203,3.751,0,1,595,139740,0.108,147.508,3,0.148,0,-1.000,0,0,257.208,1.465,100,0
tree/perimeter-3x6/s7,perimeter,even,3,7,G-RTA-X,3,1,3,0,137.792,74.315,97.792,1467.176,6.054,0,3,1604,248219,436.204,28413.374,0,0.000,0,2.015,0,0,138.800,27.913,100,0
tree/perimeter-3x6/s7,perimeter,even,3,7,G-STA,3,1,3,0,119.520,68.224,79.520,1145.788,5.246,0,3,990,195530,463.744,20363.353,0,0.000,0,2.034,0,0,120.528,25.112,100,0
tree/perimeter-3x6/s7,perimeter,even,3,7,G-STA,2,1,3,0,184.000,103.616,144.000,1288.355,5.395,0,2,1032,200804,481.365,20516.618,0,0.000,1,0.897,0,0,185.008,26.475,100,0
tree/perimeter-3x6/s7,perimeter,even,3,7,G-RTA,5,1,3,0,100.672,58.731,61.344,1619.225,7.370,0,5,1207,251781,488.036,24298.780,0,0.000,5,0.504,0,0,101.680,39.600,100,0
tree/perimeter-3x6/s7,perimeter,even,3,7,G-RTA-X,5,1,3,0,100.416,59.157,74.720,1447.156,7.315,0,5,2054,303902,432.828,24332.546,0,0.000,2,0.014,0,0,101.424,35.531,100,0
tree/perimeter-3x6/s8,perimeter,even,3,8,G-RTA,2,1,3,0,160.896,89.803,120.896,1113.083,4.717,0,2,832,173336,466.152,20446.907,0,0.000,0,2.915,0,0,161.904,22.417,100,0
tree/perimeter-3x6/s8,perimeter,even,3,8,G-RTA,3,1,3,0,132.352,74.016,92.352,1345.780,5.805,0,3,985,205356,431.915,22034.132,0,0.000,0,2.623,0,0,133.360,26.445,100,0
tree/perimeter-3x6/s8,perimeter,even,3,8,G-RTA-X,2,1,3,0,145.056,82.432,105.056,954.165,4.253,0,2,848,164777,444.289,20702.630,0,0.000,0,3.961,0,0,146.064,19.197,100,0
tree/perimeter-3x6/s9,perimeter,even,3,9,S1,1,1,3,0,229.896,140.072,189.896,851.542,3.374,0,1,536,127056,0.684,16060.035,3,16.060,0,-1.000,0,0,230.904,1.607,94,0
tree/perimeter-3x6/s8,perimeter,even,3,8,G-RTA-X,3,1,3,0,124.992,70.357,84.992,1234.037,5.488,0,3,1559,233749,418.361,20696.964,0,0.000,0,2.615,0,0,126.000,24.287,100,0
tree/perimeter-3x6/s7,perimeter,even,3,7,G-STA,5,1,3,0,112.768,64.501,72.768,1632.421,8.197,0,5,1482,288229,471.751,25768.712,0,0.000,5,0.097,0,0,113.776,42.621,100,0
tree/perimeter-3x6/s8,perimeter,even,3,8,G-STA,2,1,3,0,160.096,89.387,120.096,1116.532,4.693,0,2,922,179587,465.859,20253.470,0,0.000,0,2.111,0,0,161.104,22.812,100,0
tree/perimeter-3x6/s8,perimeter,even,3,8,G-RTA,5,1,3,0,104.320,60.075,64.320,1814.539,7.609,0,5,1243,258519,461.280,28316.185,0,0.000,5,0.080,0,0,105.328,38.864,100,0
tree/perimeter-3x6/s8,perimeter,even,3,8,G-STA,3,1,3,0,124.992,70.357,84.992,1234.037,5.488,0,3,1301,218488,463.883,32413.131,0,0.000,0,2.615,0,0,126.000,27.025,100,0
tree/perimeter-3x6/s9,perimeter,even,3,9,G-RTA,2,1,3,0,137.984,84.459,97.984,946.545,4.060,0,2,723,149973,400.572,23883.090,0,0.000,0,3.178,0,0,138.992,16.933,94,0
tree/perimeter-3x6/s8,perimeter,even,3,8,G-RTA-X,5,1,3,0,107.840,62.891,70.624,1607.541,7.842,0,5,3624,409871,473.896,24440.879,0,0.000,0,1.295,0,0,108.848,42.699,100,0
tree/perimeter-3x6/s9,perimeter,even,3,9,G-RTA,3,1,3,0,118.624,72.629,78.624,1194.082,5.226,0,3,889,184466,397.167,30162.173,0,0.000,3,0.414,0,0,119.632,22.224,94,0
tree/perimeter-3x6/s9,perimeter,even,3,9,G-RTA-X,2,1,3,0,137.984,84.459,97.984,948.919,4.058,0,2,796,155617,431.466,31669.418,0,0.000,1,0.470,0,0,138.992,18.266,94,0
tree/perimeter-3x6/s10,perimeter,even,3,10,S1,1,1,3,0,235.560,145.032,195.560,888.429,3.451,0,1,548,128982,0.107,149.238,3,0.149,0,-1.000,0,0,236.568,1.283,94,0
tree/perimeter-3x6/s9,perimeter,even,3,9,G-STA,2,1,3,0,137.984,84.459,97.984,948.919,4.058,0,2,793,155466,443.507,23728.119,0,0.000,1,0.470,0,0,138.992,18.637,94,0
tree/perimeter-3x6/s9,perimeter,even,3,9,G-RTA-X,3,1,3,0,112.992,66.645,74.240,1151.994,4.973,0,3,944,184751,425.833,20443.941,0,0.000,0,1.897,0,0,114.000,22.470,94,0
tree/perimeter-3x6/s8,perimeter,even,3,8,G-STA,5,1,3,0,114.112,61.771,74.112,1851.691,8.302,0,5,3717,427089,464.192,24362.776,0,0.000,2,0.229,0,0,115.120,43.353,100,0
tree/perimeter-3x6/s9,perimeter,even,3,9,G-RTA,5,1,3,0,87.040,50.955,60.320,1444.027,6.388,0,5,1053,218547,498.985,28285.970,0,0.000,0,2.971,0,0,88.048,35.149,94,0
tree/perimeter-3x6/s10,perimeter,even,3,10,G-RTA,2,1,3,0,132.768,88.128,93.664,934.691,3.896,0,2,702,146068,445.726,20323.147,0,0.000,0,3.019,0,0,133.776,17.715,94,0
tree/perimeter-3x6/s9,perimeter,even,3,9,G-STA,3,1,3,0,112.992,66.645,74.240,1151.994,4.973,0,3,944,184753,423.924,24355.334,0,0.000,0,1.897,0,0,114.000,22.160,94,0
tree/perimeter-3x6/s9,perimeter,even,3,9,G-RTA-X,5,1,3,0,92.448,47.691,52.448,1450.513,6.769,0,5,1648,265161,435.557,24323.167,0,0.000,0,1.334,0,0,93.456,32.873,94,0
tree/perimeter-3x6/s10,perimeter,even,3,10,G-RTA-X,2,1,3,0,132.768,88.128,93.664,920.998,3.896,0,2,768,151049,426.625,20297.412,0,0.000,0,3.019,0,0,133.776,16.769,94,0
tree/perimeter-3x6/s10,perimeter,even,3,10,G-RTA,3,1,3,0,104.064,69.131,82.304,1043.370,4.577,0,3,796,165786,446.198,24335.405,0,0.000,0,3.630,0,0,105.072,21.130,94,0
tree/search-3x6/s1,search,even,3,1,S1,1,1,3,0,496.008,314.333,456.008,1805.544,7.249,0,1,1143,259214,0.291,12087.023,3,12.087,0,-1.000,0,0,497.016,3.524,144,0
tree/perimeter-3x6/s9,perimeter,even,3,9,G-STA,5,1,3,0,100.832,53.664,60.832,1611.336,7.371,0,5,1355,261666,462.828,26860.119,0,0.000,1,0.877,0,0,101.840,36.848,94,0
tree/perimeter-3x6/s10,perimeter,even,3,10,G-RTA-X,3,1,3,0,119.616,76.171,79.616,1181.990,5.249,0,3,990,194362,454.561,24403.159,0,0.000,0,3.630,0,0,120.624,24.924,94,0
tree/perimeter-3x6/s10,perimeter,even,3,10,G-STA,2,1,3,0,132.768,88.128,93.664,920.998,3.896,0,2,764,150825,458.093,24341.347,0,0.000,0,3.019,0,0,133.776,18.069,94,0
tree/perimeter-3x6/s10,perimeter,even,3,10,G-RTA,5,1,3,0,94.208,57.888,68.288,1525.092,6.869,0,5,1130,234859,424.264,28222.976,0,0.000,0,1.692,0,0,95.216,32.353,94,0
tree/perimeter-3x6/s10,perimeter,even,3,10,G-STA,3,1,3,0,119.616,76.171,79.616,1188.944,5.252,0,3,994,194596,486.102,29079.883,0,0.000,0,3.630,0,0,120.624,27.025,94,0
tree/perimeter-3x6/s10,perimeter,even,3,10,G-RTA-X,5,1,3,0,94.976,58.144,68.288,1478.522,6.920,0,5,1651,268581,426.464,24419.921,0,0.000,2,0.791,0,0,95.984,33.158,94,0
tree/perimeter-3x6/s10,perimeter,even,3,10,G-STA,5,1,3,0,95.008,58.155,68.288,1476.517,6.926,0,5,1270,246151,458.894,28429.399,0,0.000,1,0.587,0,0,96.016,34.819,94,0
tree/search-3x6/s1,search,even,3,1,G-RTA,2,1,3,0,243.392,214.208,241.920,1479.663,7.113,0,2,1234,259376,752.128,28219.145,0,0.000,0,3.366,0,0,244.400,53.000,144,0
tree/search-3x6/s1,search,even,3,1,G-RTA-X,2,1,3,0,243.552,208.939,225.728,1454.821,7.104,0,2,1343,268078,737.143,32362.091,0,0.000,0,3.366,0,0,244.560,52.064,144,0
tree/search-3x6/s2,search,even,3,2,S1,1,1,3,0,469.032,292.488,429.032,1748.003,6.879,0,1,1080,246639,0.447,12049.299,3,12.049,0,-1.000,0,0,470.040,2.862,144,0
tree/search-3x6/s1,search,even,3,1,G-RTA,3,1,3,0,177.600,143.595,153.696,1691.597,7.767,0,3,1320,277651,780.139,22596.417,0,0.000,0,1.743,0,0,178.608,62.098,144,0
tree/search-3x6/s1,search,even,3,1,G-RTA-X,3,1,3,0,177.408,143.531,153.696,1687.575,7.759,0,3,1705,302215,786.432,22865.439,0,0.000,0,1.743,0,0,178.416,62.734,144,0
tree/search-3x6/s1,search,even,3,1,G-STA,2,1,3,0,250.048,188.832,210.048,1567.057,7.295,0,2,1377,274722,784.004,40438.895,0,0.000,0,2.938,0,0,251.056,56.605,144,0
tree/search-3x6/s1,search,even,3,1,G-RTA,5,1,3,0,124.064,91.371,104.064,1803.356,9.026,0,5,1500,315987,786.793,28508.225,0,0.000,0,3.313,0,0,125.072,77.613,144,0
tree/search-3x6/s1,search,even,3,1,G-STA,3,1,3,0,184.064,138.091,144.064,1651.713,8.032,0,3,1497,296835,750.850,29484.389,0,0.000,0,3.137,0,0,185.072,61.582,144,0
tree/search-3x6/s1,search,even,3,1,G-RTA-X,5,1,3,0,119.040,89.867,99.040,1621.985,8.644,0,5,1601,315080,810.983,34971.612,0,0.000,0,3.313,0,0,120.048,74.614,144,0
tree/search-3x6/s2,search,even,3,2,G-RTA,2,1,3,0,229.088,187.904,211.776,1446.750,6.720,0,2,1173,247140,638.386,21679.258,0,0.000,0,2.636,0,0,230.096,42.210,144,0
tree/search-3x6/s2,search,even,3,2,G-RTA,3,1,3,0,164.672,132.811,164.000,1572.866,7.231,0,3,1237,260938,652.062,24392.262,0,0.000,0,2.761,0,0,165.680,47.601,144,0
tree/search-3x6/s2,search,even,3,2,G-RTA-X,2,1,3,0,230.304,188.245,230.304,1405.928,6.745,0,2,1319,258545,563.615,27282.424,0,0.000,0,1.408,0,0,231.312,37.827,144,0
tree/search-3x6/s3,search,even,3,3,S1,1,1,3,0,460.200,281.032,420.200,1736.189,6.750,0,1,1062,243446,0.245,4055.641,3,4.056,0,-1.000,0,0,461.208,2.287,144,0
tree/search-3x6/s1,search,even,3,1,G-STA,5,1,3,0,129.440,90.123,109.440,1766.256,9.376,0,5,1734,341121,636.522,28503.913,0,0.000,0,2.793,0,0,130.448,63.920,144,0
tree/search-3x6/s2,search,even,3,2,G-RTA-X,3,1,3,0,164.672,131.307,159.488,1572.855,7.229,0,3,1347,269577,590.580,48267.557,0,0.000,0,2.132,0,0,165.680,43.312,144,0
tree/search-3x6/s2,search,even,3,2,G-STA,2,1,3,0,226.912,169.792,209.632,1386.107,6.639,0,2,1264,252555,549.994,32406.204,0,0.000,0,2.636,0,0,227.920,36.207,144,0
tree/search-3x6/s2,search,even,3,2,G-RTA,5,1,3,0,130.656,88.576,100.992,2021.554,9.504,0,5,1572,331484,551.204,28454.142,0,0.000,0,2.683,0,0,131.664,56.690,144,0
tree/search-3x6/s2,search,even,3,2,G-RTA-X,5,1,3,0,128.480,87.360,118.912,1906.665,9.334,0,5,1728,336389,526.503,33903.453,0,0.000,2,0.436,0,0,129.488,52.772,144,0
tree/search-3x6/s2,search,even,3,2,G-STA,3,1,3,0,172.640,133.397,152.032,1600.688,7.565,0,3,1413,281273,559.642,32225.630,0,0.000,0,1.775,0,0,173.648,43.012,144,0
tree/search-3x6/s3,search,even,3,3,G-RTA,2,1,3,0,220.160,191.061,217.696,1383.486,6.465,0,2,1134,239290,566.134,24355.956,0,0.000,0,3.951,0,0,221.168,36.198,144,0
tree/search-3x6/s3,search,even,3,3,G-RTA,3,1,3,0,163.712,122.016,143.712,1556.079,7.188,0,3,1230,259649,533.274,36275.925,0,0.000,0,2.795,0,0,164.720,39.265,144,0
tree/search-3x6/s3,search,even,3,3,G-RTA-X,2,1,3,0,220.160,190.539,216.128,1377.613,6.463,0,2,1243,247783,581.515,40483.017,0,0.000,0,3.951,0,0,221.168,37.545,144,0
tree/search-3x6/s4,search,even,3,4,S1,1,1,3,0,477.416,303.912,437.416,1778.469,6.993,0,1,1100,250738,0.248,4050.516,3,4.051,0,-1.000,0,0,478.424,2.334,144,0
tree/search-3x6/s3,search,even,3,3,G-RTA-X,3,1,3,0,163.712,122.016,143.712,1488.801,7.175,0,3,1610,284095,542.362,40247.820,0,0.000,0,3.058,0,0,164.720,40.641,144,0
tree/search-3x6/s2,search,even,3,2,G-STA,5,1,3,0,130.048,75.861,90.048,1703.056,9.430,0,5,1704,340512,539.888,40590.069,0,0.000,0,2.910,0,0,131.056,55.021,144,0
tree/search-3x6/s3,search,even,3,3,G-RTA,5,1,3,0,119.520,87.136,99.520,1885.584,8.723,0,5,1455,307350,533.311,37645.146,0,0.000,0,2.369,0,0,120.528,49.845,144,0
tree/search-3x6/s3,search,even,3,3,G-STA,2,1,3,0,228.288,181.269,188.288,1432.418,6.685,0,2,1275,253469,534.473,28286.876,0,0.000,0,3.951,0,0,229.296,35.536,144,0
tree/search-3x6/s3,search,even,3,3,G-RTA-X,5,1,3,0,116.896,86.560,96.896,1614.949,8.510,0,5,2340,356219,551.843,32968.352,0,0.000,0,2.143,0,0,117.904,51.072,144,0
tree/search-3x6/s3,search,even,3,3,G-STA,3,1,3,0,166.528,125.525,146.528,1525.000,7.294,0,3,1374,272405,556.599,52565.475,0,0.000,0,2.794,0,0,167.536,41.594,144,0
tree/search-3x6/s4,search,even,3,4,G-RTA,2,1,3,0,242.304,204.608,230.624,1482.058,7.095,0,2,1230,258678,581.556,26625.310,0,0.000,0,2.288,0,0,243.312,40.715,144,0
tree/search-3x6/s3,search,even,3,3,G-STA,5,1,3,0,121.408,73.835,81.408,1659.800,8.808,0,5,2027,346514,550.886,40374.273,0,0.000,1,0.161,0,0,122.416,52.930,144,0
tree/search-3x6/s4,search,even,3,4,G-RTA,3,1,3,0,174.176,143.947,173.664,1625.591,7.642,0,3,1299,273657,584.110,36572.790,0,0.000,0,1.792,0,0,175.184,45.304,144,0
tree/search-3x6/s4,search,even,3,4,G-RTA-X,2,1,3,0,234.208,190.656,212.320,1416.240,6.854,0,2,1303,259552,557.772,25022.313,0,0.000,0,2.394,0,0,235.216,37.846,144,0
tree/search-3x6/s5,search,even,3,5,S1,1,1,3,0,492.360,309.992,452.360,1776.701,7.189,0,1,1134,257590,0.301,4202.610,3,4.203,0,-1.000,0,0,493.368,2.206,144,0
tree/search-3x6/s4,search,even,3,4,G-RTA,5,1,3,0,130.848,98.645,124.288,2033.990,9.534,0,5,1572,331276,561.391,24442.873,0,0.000,0,2.009,0,0,131.856,57.837,144,0
tree/search-3x6/s4,search,even,3,4,G-RTA-X,3,1,3,0,181.952,140.267,158.080,1600.333,7.954,0,3,1477,294158,554.306,19688.581,0,0.000,0,1.792,0,0,182.960,45.254,144,0
tree/search-3x6/s4,search,even,3,4,G-STA,2,1,3,0,233.952,194.528,219.744,1462.395,6.848,0,2,1303,259673,571.937,21207.944,0,0.000,0,2.288,0,0,234.960,38.635,144,0
tree/search-3x6/s4,search,even,3,4,G-RTA-X,5,1,3,0,124.352,95.243,124.352,1742.425,9.035,0,5,1676,328378,564.402,27074.091,0,0.000,0,2.017,0,0,125.360,54.882,144,0
tree/search-3x6/s4,search,even,3,4,G-STA,3,1,3,0,173.888,136.107,151.968,1596.424,7.611,0,3,1417,282777,573.233,33352.181,0,0.000,1,0.940,0,0,174.896,44.263,144,0
tree/search-3x6/s5,search,even,3,5,G-RTA,2,1,3,0,247.040,215.424,227.040,1531.751,7.217,0,2,1251,262424,579.277,35130.660,0,0.000,0,3.462,0,0,248.048,41.669,144,0
tree/search-3x6/s5,search,even,3,5,G-RTA,3,1,3,0,169.920,144.725,169.920,1547.413,7.428,0,3,1274,269182,564.937,44273.039,0,0.000,0,2.282,0,0,170.928,42.987,144,0
tree/search-3x6/s5,search,even,3,5,G-RTA-X,2,1,3,0,228.768,196.096,202.400,1356.534,6.677,0,2,1288,254843,555.091,28291.733,0,0.000,0,3.221,0,0,229.776,37.038,144,0
tree/search-3x6/s6,search,even,3,6,S1,1,1,3,0,428.264,274.216,408.264,1626.039,6.296,0,1,987,228427,0.251,8057.690,3,8.058,0,-1.000,0,0,429.272,1.891,144,0
tree/search-3x6/s4,search,even,3,4,G-STA,5,1,3,0,132.192,97.323,116.480,1954.661,9.601,0,5,1752,345915,575.032,28749.079,0,0.000,0,2.741,0,0,133.200,59.622,144,0
tree/search-3x6/s5,search,even,3,5,G-RTA-X,3,1,3,0,169.920,144.565,169.920,1516.590,7.425,0,3,1400,278690,559.898,40347.136,0,0.000,0,2.234,0,0,170.928,42.377,144,0
tree/search-3x6/s5,search,even,3,5,G-RTA,5,1,3,0,125.312,91.349,101.088,1855.924,9.109,0,5,1511,317792,564.344,48392.926,0,0.000,0,3.374,0,0,126.320,55.509,144,0
tree/search-3x6/s5,search,even,3,5,G-STA,2,1,3,0,232.960,202.389,212.960,1442.343,6.809,0,2,1298,258830,546.409,36278.845,0,0.000,0,3.462,0,0,233.968,36.695,144,0
tree/search-3x6/s6,search,even,3,6,G-RTA,2,1,3,0,204.640,174.933,204.640,1305.925,6.021,0,2,1067,225086,545.878,46157.654,0,0.000,0,3.504,0,0,205.648,32.421,144,0
tree/search-3x6/s5,search,even,3,5,G-STA,3,1,3,0,184.704,146.795,153.216,1584.964,8.046,0,3,1501,297323,533.983,32503.893,0,0.000,0,2.234,0,0,185.712,44.545,144,0
tree/search-3x6/s5,search,even,3,5,G-RTA-X,5,1,3,0,124.000,91.595,101.088,1691.673,8.995,0,5,2035,349564,579.953,43817.361,0,0.000,0,3.364,0,0,125.008,56.045,144,0
tree/search-3x6/s6,search,even,3,6,G-RTA,3,1,3,0,165.632,126.837,165.632,1577.052,7.290,0,3,1243,261930,511.723,40719.210,0,0.000,0,2.501,0,0,166.640,37.949,144,0
tree/search-3x6/s5,search,even,3,5,G-STA,5,1,3,0,129.696,94.763,109.696,1837.729,9.402,0,5,1719,340644,555.769,26800.529,0,0.000,1,0.959,0,0,130.704,56.693,144,0
tree/search-3x6/s6,search,even,3,6,G-RTA-X,2,1,3,0,205.184,175.307,205.184,1303.989,6.035,0,2,1168,233063,569.454,30964.237,0,0.000,0,3.454,0,0,206.192,34.325,144,0
tree/search-3x6/s7,search,even,3,7,S1,1,1,3,0,413.128,258.643,393.128,1576.811,6.077,0,1,953,221890,0.192,4056.889,3,4.057,0,-1.000,0,0,414.136,2.304,144,0
tree/search-3x6/s6,search,even,3,6,G-RTA-X,3,1,3,0,159.264,121.461,159.264,1433.022,6.991,0,3,1726,287289,540.408,36414.596,0,0.000,0,2.724,0,0,160.272,38.714,144,0
tree/search-3x6/s6,search,even,3,6,G-RTA,5,1,3,0,123.232,94.272,123.232,1930.668,8.993,0,5,1490,314053,537.373,40750.716,0,0.000,0,1.416,0,0,124.240,52.813,144,0
tree/search-3x6/s6,search,even,3,6,G-STA,2,1,3,0,212.800,167.915,199.392,1342.163,6.259,0,2,1239,242222,568.930,44123.629,0,0.000,1,0.971,0,0,213.808,34.932,144,0
tree/search-3x6/s7,search,even,3,7,G-RTA,2,1,3,0,200.224,172.576,180.000,1296.457,5.899,0,2,1048,221541,525.552,16819.568,0,0.000,0,2.286,0,0,201.232,30.546,144,0
tree/search-3x6/s6,search,even,3,6,G-STA,3,1,3,0,158.176,126.613,156.256,1526.993,6.955,0,3,1321,260912,588.396,28656.164,0,0.000,0,2.353,0,0,159.184,41.545,144,0
tree/search-3x6/s6,search,even,3,6,G-RTA-X,5,1,3,0,113.568,82.795,109.216,1754.398,8.300,0,5,2061,334688,587.921,36571.887,0,0.000,0,1.898,0,0,114.576,52.779,144,0
tree/search-3x6/s7,search,even,3,7,G-RTA,3,1,3,0,162.944,117.845,142.944,1616.886,7.166,0,3,1227,259092,506.374,15739.957,0,0.000,0,2.695,0,0,163.952,37.219,144,0
tree/search-3x6/s7,search,even,3,7,G-RTA-X,2,1,3,0,200.384,168.907,177.504,1284.349,5.895,0,2,1138,228603,516.499,14535.689,0,0.000,0,2.286,0,0,201.392,30.081,144,0
tree/search-3x6/s6,search,even,3,6,G-STA,5,1,3,0,115.552,83.413,110.592,1665.695,8.415,0,5,2072,337787,583.915,17592.251,0,0.000,0,2.528,0,0,116.560,52.949,144,0
tree/search-3x6/s8,search,even,3,8,S1,1,1,3,0,494.696,314.696,454.696,1734.219,7.223,0,1,1140,258665,0.180,4137.646,3,4.138,0,-1.000,0,0,495.704,2.475,144,0
tree/search-3x6/s7,search,even,3,7,G-RTA-X,3,1,3,0,154.528,110.400,134.528,1329.461,6.778,0,3,1540,270928,511.869,22476.307,0,0.000,0,2.598,0,0,155.536,35.772,144,0
tree/search-3x6/s7,search,even,3,7,G-RTA,5,1,3,0,114.720,87.339,112.576,1676.518,8.421,0,5,1399,294868,564.519,16436.312,0,0.000,0,1.550,0,0,115.728,50.900,144,0
tree/search-3x6/s7,search,even,3,7,G-STA,2,1,3,0,204.256,171.296,184.256,1355.840,6.018,0,2,1158,231934,542.317,19014.398,0,0.000,0,3.688,0,0,205.264,32.296,144,0
tree/search-3x6/s7,search,even,3,7,G-STA,3,1,3,0,154.528,111.723,134.528,1358.465,6.787,0,3,1281,255672,543.372,18453.933,0,0.000,0,2.685,0,0,155.536,37.986,144,0
tree/search-3x6/s7,search,even,3,7,G-RTA-X,5,1,3,0,107.296,78.592,103.488,1468.706,7.844,0,5,1843,310231,559.553,18088.818,0,0.000,0,2.690,0,0,108.304,47.764,144,0
tree/search-3x6/s8,search,even,3,8,G-RTA,2,1,3,0,245.216,200.181,208.960,1497.036,7.148,0,2,1243,260794,593.777,14129.601,0,0.000,0,3.457,0,0,246.224,42.490,144,0
tree/search-3x6/s7,search,even,3,7,G-STA,5,1,3,0,109.696,70.357,71.712,1520.105,7.999,0,5,1498,295974,567.482,20642.260,0,0.000,0,2.690,0,0,110.704,49.501,144,0
tree/search-3x6/s8,search,even,3,8,G-RTA,3,1,3,0,178.112,143.339,160.096,1614.351,7.781,0,3,1323,278161,600.011,18330.405,0,0.000,1,0.806,0,0,179.120,48.051,144,0
tree/search-3x6/s9,search,even,3,9,S1,1,1,3,0,453.512,273.555,413.512,1621.114,6.640,0,1,1045,239906,0.282,5564.302,3,5.564,0,-1.000,0,0,454.520,2.271,144,0
tree/search-3x6/s8,search,even,3,8,G-RTA-X,2,1,3,0,247.456,203.595,207.456,1465.566,7.211,0,2,1379,272134,574.193,18400.948,0,0.000,0,3.440,0,0,248.464,41.604,144,0
tree/search-3x6/s8,search,even,3,8,G-RTA-X,3,1,3,0,182.464,128.629,142.464,1564.473,7.953,0,3,1869,317610,581.498,29842.158,0,0.000,0,2.315,0,0,183.472,47.791,144,0
tree/search-3x6/s8,search,even,3,8,G-RTA,5,1,3,0,137.696,88.907,97.696,2067.579,9.963,0,5,1643,344543,547.944,29087.755,0,0.000,0,1.060,0,0,138.704,59.634,144,0
tree/search-3x6/s8,search,even,3,8,G-STA,2,1,3,0,255.968,190.912,215.968,1482.118,7.450,0,2,1412,279616,591.768,24561.471,0,0.000,0,3.440,0,0,256.976,44.632,144,0
tree/search-3x6/s9,search,even,3,9,G-RTA,2,1,3,0,224.448,173.131,204.448,1439.728,6.572,0,2,1153,242559,531.239,28534.910,0,0.000,0,2.532,0,0,225.456,35.216,144,0
tree/search-3x6/s8,search,even,3,8,G-RTA-X,5,1,3,0,137.600,90.485,97.600,1793.858,9.948,0,5,2320,386693,557.587,21843.919,0,0.000,0,3.011,0,0,138.608,61.105,144,0
tree/search-3x6/s8,search,even,3,8,G-STA,3,1,3,0,175.904,118.005,135.904,1618.361,7.682,0,3,1436,285608,620.772,20974.154,0,0.000,0,2.315,0,0,176.912,49.366,144,0
tree/search-3x6/s9,search,even,3,9,G-RTA,3,1,3,0,169.056,131.232,149.056,1544.918,7.411,0,3,1264,265782,534.636,21363.870,0,0.000,0,2.573,0,0,170.064,40.920,144,0
tree/search-3x6/s9,search,even,3,9,G-RTA-X,2,1,3,0,222.400,176.512,202.400,1323.755,6.502,0,2,1249,248978,523.592,17444.083,0,0.000,0,1.582,0,0,223.408,33.812,144,0
tree/search-3x6/s8,search,even,3,8,G-STA,5,1,3,0,133.312,83.349,97.216,1798.823,9.643,0,5,2259,377552,571.894,29488.319,0,0.000,0,1.898,0,0,134.320,60.593,144,0
tree/search-3x6/s10,search,even,3,10,S1,1,1,3,0,454.856,288.808,414.856,1672.799,6.678,0,1,1049,240671,0.185,4055.577,3,4.056,0,-1.000,0,0,455.864,2.274,144,0
tree/search-3x6/s9,search,even,3,9,G-RTA-X,3,1,3,0,169.120,130.645,149.120,1453.830,7.391,0,3,1386,276665,513.382,38467.663,0,0.000,1,0.502,0,0,170.128,39.087,144,0
tree/search-3x6/s9,search,even,3,9,G-RTA,5,1,3,0,128.576,86.613,108.576,1915.980,9.368,0,5,1546,324212,527.133,28980.409,0,0.000,0,2.519,0,0,129.584,53.057,144,0
tree/search-3x6/s9,search,even,3,9,G-STA,2,1,3,0,222.400,176.512,202.400,1323.755,6.502,0,2,1245,248742,498.906,17905.139,0,0.000,0,1.582,0,0,223.408,32.130,144,0
tree/search-3x6/s9,search,even,3,9,G-STA,3,1,3,0,163.200,129.835,143.200,1475.124,7.148,0,3,1349,268163,537.656,24203.374,0,0.000,1,0.624,0,0,164.208,39.255,144,0
tree/search-3x6/s9,search,even,3,9,G-RTA-X,5,1,3,0,119.424,81.259,99.424,1607.852,8.680,0,5,1590,316617,515.550,17489.031,0,0.000,0,2.519,0,0,120.432,48.068,144,0
tree/search-3x6/s10,search,even,3,10,G-RTA,2,1,3,0,224.544,165.525,184.544,1412.053,6.586,0,2,1153,242450,535.421,19077.164,0,0.000,0,3.275,0,0,225.552,35.240,144,0
tree/search-3x6/s10,search,even,3,10,G-RTA,3,1,3,0,173.376,130.965,140.256,1605.258,7.612,0,3,1292,272421,521.635,10759.381,0,0.000,2,0.336,0,0,174.384,40.528,144,0
tree/search-3x6/s9,search,even,3,9,G-STA,5,1,3,0,116.896,74.133,96.896,1585.994,8.497,0,5,1547,307854,519.533,20347.102,0,0.000,0,2.519,0,0,117.904,47.704,144,0
tree/mixed-3x6/s1,mixed,even,3,1,S1,1,1,3,0,308.008,166.920,268.008,1195.422,4.538,0,1,713,161694,0.311,8052.249,3,8.052,0,-1.000,0,0,309.016,1.419,96,0
tree/search-3x6/s10,search,even,3,10,G-RTA-X,2,1,3,0,224.544,165.525,184.544,1337.150,6.577,0,2,1251,250172,543.081,16461.894,0,0.000,0,3.275,0,0,225.552,35.488,144,0
tree/search-3x6/s10,search,even,3,10,G-RTA-X,3,1,3,0,167.648,129.056,140.256,1507.277,7.348,0,3,1627,288171,542.864,22803.348,0,0.000,1,0.336,0,0,168.656,41.161,144,0
tree/mixed-3x6/s1,mixed,even,3,1,G-RTA,2,1,3,0,187.200,133.088,147.200,1356.653,5.508,0,2,941,194224,329.345,46168.708,0,0.000,0,1.952,0,0,188.208,18.488,96,0
tree/search-3x6/s10,search,even,3,10,G-RTA,5,1,3,0,127.520,90.165,93.024,1952.054,9.293,0,5,1536,322197,522.018,18232.598,0,0.000,2,0.416,0,0,128.528,52.587,144,0
tree/search-3x6/s10,search,even,3,10,G-STA,2,1,3,0,226.272,142.997,186.272,1392.684,6.629,0,2,1257,251357,568.949,27786.799,0,0.000,0,3.275,0,0,227.280,37.343,144,0
tree/mixed-3x6/s1,mixed,even,3,1,G-RTA,3,1,3,0,126.240,70.955,86.240,1324.773,5.577,0,3,941,195055,352.646,24664.280,0,0.000,0,4.014,0,0,127.248,20.524,96,0
tree/search-3x6/s10,search,even,3,10,G-STA,3,1,3,0,162.560,106.581,122.560,1452.492,7.128,0,3,1331,266857,551.181,43504.184,0,0.000,1,0.336,0,0,163.568,39.652,144,0
tree/search-3x6/s10,search,even,3,10,G-RTA-X,5,1,3,0,127.520,90.400,93.024,1587.007,9.236,0,5,1667,331737,514.486,18111.929,0,0.000,2,0.700,0,0,128.528,51.765,144,0
tree/mixed-3x6/s1,mixed,even,3,1,G-RTA-X,2,1,3,0,184.160,132.171,144.224,1276.023,5.403,0,2,1015,198796,313.614,10843.158,0,0.000,6,0.239,0,0,185.168,17.417,96,0
tree/mixed-3x6/s2,mixed,even,3,2,S1,1,1,3,0,313.192,187.677,293.192,1196.741,4.595,0,1,725,162823,0.423,4222.448,3,4.222,0,-1.000,0,0,314.200,1.526,90,0
tree/mixed-3x6/s1,mixed,even,3,1,G-RTA-X,3,1,3,0,126.240,70.880,86.240,1255.417,5.558,0,3,1031,201898,339.081,17203.685,0,0.000,0,4.014,0,0,127.248,19.917,96,0
tree/mixed-3x6/s1,mixed,even,3,1,G-STA,2,1,3,0,166.496,126.187,144.096,1156.163,4.893,0,2,927,181967,341.774,12438.454,0,0.000,0,2.077,0,0,167.504,17.125,96,0
tree/mixed-3x6/s1,mixed,even,3,1,G-RTA,5,1,3,0,111.008,55.093,71.008,1911.889,8.113,0,5,1315,273409,331.771,20319.598,0,0.000,2,0.772,0,0,112.016,30.348,96,0
tree/mixed-3x6/s1,mixed,even,3,1,G-RTA-X,5,1,3,0,98.464,50.912,59.360,1454.441,7.179,0,5,1291,251678,326.290,9601.517,0,0.000,1,0.893,0,0,99.472,26.348,96,0
tree/search-3x6/s10,search,even,3,10,G-STA,5,1,3,0,121.024,67.595,81.024,1772.002,8.800,0,5,1614,320763,562.818,16949.733,0,0.000,1,0.754,0,0,122.032,53.699,144,0
tree/mixed-3x6/s1,mixed,even,3,1,G-STA,3,1,3,0,128.192,71.531,88.192,1267.987,5.643,0,3,1041,203965,352.213,21130.616,0,0.000,0,4.014,0,0,129.200,21.023,96,0
tree/mixed-3x6/s2,mixed,even,3,2,G-RTA,2,1,3,0,184.640,114.944,144.640,1277.142,5.414,0,2,924,190625,344.704,20464.341,0,0.000,3,0.056,0,0,185.648,19.647,90,0
tree/mixed-3x6/s1,mixed,even,3,1,G-STA,5,1,3,0,98.464,50.912,59.360,1460.989,7.181,0,5,1292,251791,337.613,14101.289,0,0.000,0,3.653,0,0,99.472,27.312,96,0
tree/mixed-3x6/s2,mixed,even,3,2,G-RTA-X,2,1,3,0,173.664,107.605,133.664,1118.964,5.077,0,2,956,186999,321.296,20182.957,0,0.000,0,3.855,0,0,174.672,16.813,90,0
tree/mixed-3x6/s2,mixed,even,3,2,G-RTA,3,1,3,0,141.728,76.832,101.728,1432.619,6.212,0,3,1036,214803,309.912,18819.192,0,0.000,1,0.581,0,0,142.736,20.463,90,0
tree/mixed-3x6/s3,mixed,even,3,3,S1,1,1,3,0,309.032,162.227,269.032,1202.762,4.534,0,1,715,160015,0.098,164.792,3,0.165,0,-1.000,0,0,310.040,1.316,88,0
tree/mixed-3x6/s2,mixed,even,3,2,G-RTA-X,3,1,3,0,133.088,73.952,93.088,1249.878,5.825,0,3,1077,210287,321.316,12338.123,0,0.000,1,0.754,0,0,134.096,19.914,90,0
tree/mixed-3x6/s2,mixed,even,3,2,G-STA,2,1,3,0,185.248,99.008,145.248,1299.041,5.417,0,2,1012,197651,334.861,8543.337,0,0.000,0,3.855,0,0,186.256,18.610,90,0
tree/mixed-3x6/s2,mixed,even,3,2,G-RTA,5,1,3,0,105.632,55.264,65.632,1777.620,7.722,0,5,1247,258003,334.248,13793.247,0,0.000,2,0.054,0,0,106.640,28.627,90,0
tree/mixed-3x6/s2,mixed,even,3,2,G-RTA-X,5,1,3,0,99.808,51.403,59.808,1529.351,7.270,0,5,1354,258814,307.396,12302.975,0,0.000,0,1.098,0,0,100.816,24.998,90,0
tree/mixed-3x6/s3,mixed,even,3,3,G-RTA,2,1,3,0,157.120,87.787,117.120,1106.221,4.607,0,2,800,164944,310.775,16443.923,0,0.000,0,3.951,0,0,158.128,14.656,88,0
tree/mixed-3x6/s2,mixed,even,3,2,G-STA,3,1,3,0,129.088,71.552,89.088,1266.848,5.668,0,3,1054,206106,334.286,22258.946,0,0.000,0,2.710,0,0,130.096,19.721,90,0
tree/mixed-3x6/s3,mixed,even,3,3,G-RTA,3,1,3,0,127.040,65.824,87.040,1266.144,5.577,0,3,938,193654,292.115,16268.265,0,0.000,0,1.194,0,0,128.048,17.175,88,0
tree/mixed-3x6/s3,mixed,even,3,3,G-RTA-X,2,1,3,0,157.120,88.331,117.120,1046.912,4.605,0,2,882,171084,325.610,29346.428,0,0.000,0,3.393,0,0,158.128,15.273,88,0
tree/mixed-3x6/s2,mixed,even,3,2,G-STA,5,1,3,0,108.800,50.357,68.800,1549.441,7.884,0,5,1413,273119,284.860,12077.350,0,0.000,0,2.969,0,0,109.808,25.100,90,0
tree/mixed-3x6/s4,mixed,even,3,4,S1,1,1,3,0,355.880,200.531,315.880,1315.678,5.189,0,1,823,181892,0.095,127.981,3,0.128,0,-1.000,0,0,356.888,1.539,90,0
tree/mixed-3x6/s3,mixed,even,3,3,G-RTA-X,3,1,3,0,121.056,60.491,81.056,1155.425,5.313,0,3,983,193093,317.731,14545.624,0,0.000,0,3.920,0,0,122.064,17.807,88,0
tree/mixed-3x6/s3,mixed,even,3,3,G-STA,2,1,3,0,157.120,87.787,117.120,1041.675,4.603,0,2,869,170332,307.247,16615.781,0,0.000,0,3.951,0,0,158.128,14.453,88,0
tree/mixed-3x6/s3,mixed,even,3,3,G-RTA,5,1,3,0,99.424,52.149,59.424,1608.458,7.252,0,5,1185,245848,291.111,12383.222,0,0.000,7,0.335,0,0,100.432,23.628,88,1
tree/mixed-3x6/s3,mixed,even,3,3,G-STA,3,1,3,0,121.056,60.491,81.056,1155.425,5.313,0,3,983,193084,314.966,22869.590,0,0.000,0,3.920,0,0,122.064,17.566,88,0
tree/mixed-3x6/s3,mixed,even,3,3,G-RTA-X,5,1,3,0,97.248,48.501,57.248,1353.577,7.074,0,5,1993,289388,292.935,23881.580,0,0.000,0,2.033,0,0,98.256,23.438,88,0
tree/mixed-3x6/s3,mixed,even,3,3,G-STA,5,1,3,0,100.960,51.104,60.960,1497.293,7.347,0,5,1745,282825,311.268,32291.027,0,0.000,0,3.392,0,0,101.968,25.920,88,0
tree/mixed-3x6/s4,mixed,even,3,4,G-RTA,2,1,3,0,199.328,125.173,159.328,1335.287,5.803,0,2,990,204178,329.877,17237.041,0,0.000,0,4.007,0,0,200.336,19.848,90,0
tree/mixed-3x6/s4,mixed,even,3,4,G-RTA,3,1,3,0,142.464,85.771,102.464,1388.206,6.228,0,3,1040,215278,345.622,16604.750,0,0.000,0,3.123,0,0,143.472,23.180,90,0
tree/mixed-3x6/s4,mixed,even,3,4,G-RTA-X,2,1,3,0,199.328,125.173,159.328,1234.363,5.789,0,2,1073,210754,338.711,18266.835,0,0.000,0,4.007,0,0,200.336,20.321,90,0
tree/mixed-3x6/s5,mixed,even,3,5,S1,1,1,3,0,341.256,185.608,301.256,1347.597,4.999,0,1,790,176226,0.100,126.952,3,0.127,0,-1.000,0,0,342.264,1.551,92,0
tree/mixed-3x6/s4,mixed,even,3,4,G-RTA-X,3,1,3,0,139.552,87.712,99.552,1330.043,6.089,0,3,1388,235168,346.201,28397.349,0,0.000,0,3.123,0,0,140.560,22.647,90,0
tree/mixed-3x6/s4,mixed,even,3,4,G-RTA,5,1,3,0,103.456,54.603,63.456,1652.916,7.532,0,5,1227,253955,329.206,24143.108,0,0.000,0,1.632,0,0,104.464,27.643,90,0
tree/mixed-3x6/s4,mixed,even,3,4,G-STA,2,1,3,0,219.136,128.512,179.136,1454.543,6.375,0,2,1181,229759,345.944,20212.491,0,0.000,0,3.607,0,0,220.144,22.655,90,0
tree/mixed-3x6/s4,mixed,even,3,4,G-RTA-X,5,1,3,0,111.904,57.973,71.904,1573.612,8.091,0,5,1848,306088,327.630,22484.935,0,0.000,0,3.096,0,0,112.912,29.888,90,0
tree/mixed-3x6/s4,mixed,even,3,4,G-STA,3,1,3,0,147.552,88.117,107.552,1452.294,6.450,0,3,1191,230018,358.821,23441.889,0,0.000,0,1.345,0,0,148.560,24.536,90,0
tree/mixed-3x6/s5,mixed,even,3,5,G-RTA,2,1,3,0,182.560,112.309,142.560,1301.409,5.355,0,2,918,189698,339.770,15062.851,0,0.000,0,3.258,0,0,183.568,18.860,92,0
tree/mixed-3x6/s5,mixed,even,3,5,G-RTA,3,1,3,0,146.208,92.437,110.080,1551.420,6.411,0,3,1067,220588,344.313,9203.926,0,0.000,1,0.641,0,0,147.216,23.371,92,0
tree/mixed-3x6/s5,mixed,even,3,5,G-RTA-X,2,1,3,0,183.584,114.688,143.584,1226.065,5.371,0,2,1025,197991,320.645,9397.810,0,0.000,0,3.144,0,0,184.592,17.953,92,0
tree/mixed-3x6/s4,mixed,even,3,4,G-STA,5,1,3,0,119.072,57.152,79.072,1632.576,8.603,0,5,1542,299657,318.099,16486.949,0,0.000,0,3.096,0,0,120.080,30.960,90,0
tree/mixed-3x6/s6,mixed,even,3,6,S1,1,1,3,0,366.600,238.387,346.600,1397.637,5.359,0,1,847,188490,0.183,4045.564,3,4.046,0,-1.000,0,0,367.608,1.571,96,0
tree/mixed-3x6/s5,mixed,even,3,5,G-RTA-X,3,1,3,0,145.312,91.307,110.080,1452.865,6.360,0,3,1163,227274,334.539,12539.735,0,0.000,0,1.746,0,0,146.320,22.504,92,0
tree/mixed-3x6/s5,mixed,even,3,5,G-RTA,5,1,3,0,119.840,66.272,79.840,1985.053,8.719,0,5,1403,291484,321.168,21120.098,0,0.000,5,0.016,0,0,120.848,31.299,92,0
tree/mixed-3x6/s5,mixed,even,3,5,G-STA,2,1,3,0,178.304,111.093,138.304,1245.448,5.223,0,2,977,191103,353.099,17323.657,0,0.000,0,3.385,0,0,179.312,18.749,92,0
tree/mixed-3x6/s5,mixed,even,3,5,G-STA,3,1,3,0,135.968,78.805,95.968,1324.396,5.951,0,3,1095,214075,332.835,21712.880,0,0.000,0,3.325,0,0,136.976,20.839,92,0
tree/mixed-3x6/s5,mixed,even,3,5,G-RTA-X,5,1,3,0,107.712,62.603,67.712,1601.872,7.825,0,5,1399,271777,325.750,10764.989,0,0.000,2,0.921,0,0,108.720,28.237,92,0
tree/mixed-3x6/s6,mixed,even,3,6,G-RTA,2,1,3,0,197.088,110.347,157.088,1407.848,5.760,0,2,985,203503,394.261,22048.429,0,0.000,0,2.415,0,0,198.096,23.043,96,0
tree/mixed-3x6/s6,mixed,even,3,6,G-RTA,3,1,3,0,165.888,97.077,125.888,1698.979,7.262,0,3,1198,248222,384.343,18300.367,0,0.000,0,3.221,0,0,166.896,28.886,96,0
tree/mixed-3x6/s5,mixed,even,3,5,G-STA,5,1,3,0,117.664,60.352,77.664,1635.986,8.525,0,5,1508,293757,335.031,17215.983,0,0.000,1,0.942,0,0,118.672,31.785,92,0
tree/mixed-3x6/s7,mixed,even,3,7,S1,1,1,3,0,321.896,175.923,281.896,1353.639,4.734,0,1,745,167822,0.101,134.211,3,0.134,0,-1.000,0,0,322.904,1.463,94,0
tree/mixed-3x6/s6,mixed,even,3,6,G-RTA-X,2,1,3,0,197.088,110.347,157.088,1407.848,5.760,0,2,1075,210697,400.594,18179.915,0,0.000,0,2.415,0,0,198.096,23.135,96,0
tree/mixed-3x6/s6,mixed,even,3,6,G-RTA-X,3,1,3,0,149.152,86.123,109.152,1562.851,6.529,0,3,1204,235349,390.889,17599.568,0,0.000,0,2.827,0,0,150.160,26.581,96,0
tree/mixed-3x6/s6,mixed,even,3,6,G-STA,2,1,3,0,197.088,110.347,157.088,1407.848,5.760,0,2,1075,210676,408.469,21202.933,0,0.000,0,2.415,0,0,198.096,23.787,96,0
tree/mixed-3x6/s6,mixed,even,3,6,G-RTA,5,1,3,0,119.712,67.989,79.712,2053.239,8.719,0,5,1407,293110,379.667,16956.455,0,0.000,0,1.111,0,0,120.720,36.131,96,0
tree/mixed-3x6/s6,mixed,even,3,6,G-RTA-X,5,1,3,0,112.384,65.547,72.384,1834.247,8.173,0,5,1718,300717,363.251,20149.994,0,0.000,0,2.805,0,0,113.392,32.410,96,0
tree/mixed-3x6/s7,mixed,even,3,7,G-RTA,2,1,3,0,167.360,108.597,129.888,1293.438,4.929,0,2,853,176152,321.254,13170.335,0,0.000,0,3.330,0,0,168.368,16.175,94,0
tree/mixed-3x6/s6,mixed,even,3,6,G-STA,3,1,3,0,157.216,93.920,117.216,1520.652,6.868,0,3,1250,244406,351.456,12401.780,0,0.000,0,3.187,0,0,158.224,25.006,96,0
tree/mixed-3x6/s7,mixed,even,3,7,G-RTA,3,1,3,0,131.936,77.237,91.936,1444.168,5.823,0,3,976,202559,322.096,48215.946,0,0.000,0,2.790,0,0,132.944,19.785,94,0
tree/mixed-3x6/s7,mixed,even,3,7,G-RTA-X,2,1,3,0,172.128,100.427,132.128,1316.504,5.061,0,2,969,188065,347.708,9411.638,0,0.000,0,2.167,0,0,173.136,17.864,94,0
tree/mixed-3x6/s8,mixed,even,3,8,S1,1,1,3,0,306.760,184.755,286.760,1268.040,4.507,0,1,710,160090,0.115,199.966,3,0.200,0,-1.000,0,0,307.768,1.494,92,0
tree/mixed-3x6/s6,mixed,even,3,6,G-STA,5,1,3,0,118.624,62.336,78.624,1825.706,8.599,0,5,1525,297238,340.718,16275.619,0,0.000,0,3.191,0,0,119.632,31.945,96,0
tree/mixed-3x6/s7,mixed,even,3,7,G-RTA-X,3,1,3,0,134.304,78.027,94.304,1373.498,5.898,0,3,1086,212688,318.833,26529.224,0,0.000,0,2.790,0,0,135.312,19.497,94,0
tree/mixed-3x6/s7,mixed,even,3,7,G-STA,2,1,3,0,176.576,102.795,136.576,1329.807,5.183,0,2,971,190426,317.330,27192.957,0,0.000,0,3.330,0,0,177.584,16.734,94,0
tree/mixed-3x6/s7,mixed,even,3,7,G-RTA,5,1,3,0,104.288,59.104,65.728,1867.852,7.633,0,5,1237,256459,334.242,29409.588,0,0.000,0,3.010,0,0,105.296,28.198,94,0
tree/mixed-3x6/s7,mixed,even,3,7,G-STA,3,1,3,0,134.304,78.027,94.304,1373.534,5.898,0,3,1088,212798,318.008,10273.231,0,0.000,0,2.790,0,0,135.312,19.631,94,0
tree/mixed-3x6/s7,mixed,even,3,7,G-RTA-X,5,1,3,0,103.040,51.872,63.040,1570.962,7.505,0,5,1343,262863,297.750,13193.352,0,0.000,0,3.356,0,0,104.048,24.683,94,0
tree/mixed-3x6/s8,mixed,even,3,8,G-RTA,2,1,3,0,168.768,111.669,128.768,1224.075,4.976,0,2,855,176199,328.119,10073.982,0,0.000,0,4.009,0,0,169.776,16.807,92,0
tree/mixed-3x6/s7,mixed,even,3,7,G-STA,5,1,3,0,103.296,52.011,63.296,1571.063,7.525,0,5,1347,263160,307.959,16152.756,0,0.000,0,3.356,0,0,104.304,25.636,94,0
tree/mixed-3x6/s8,mixed,even,3,8,G-RTA,3,1,3,0,128.608,89.323,102.016,1404.480,5.670,0,3,952,196597,316.524,17974.156,0,0.000,0,2.951,0,0,129.616,18.697,92,0
tree/mixed-3x6/s8,mixed,even,3,8,G-RTA-X,2,1,3,0,166.880,108.192,126.880,1169.190,4.902,0,2,926,181086,308.603,19581.146,0,0.000,0,4.009,0,0,167.888,15.710,92,0
tree/mixed-3x6/s9,mixed,even,3,9,S1,1,1,3,0,319.816,164.040,279.816,1323.756,4.698,0,1,741,166425,0.325,4223.423,3,4.223,0,-1.000,0,0,320.824,1.617,92,0
tree/mixed-3x6/s8,mixed,even,3,8,G-RTA-X,3,1,3,0,126.400,69.472,86.400,1381.711,5.557,0,3,1028,200507,304.831,13081.615,0,0.000,0,2.309,0,0,127.408,18.131,92,0
tree/mixed-3x6/s8,mixed,even,3,8,G-STA,2,1,3,0,161.024,90.165,121.024,1178.153,4.735,0,2,899,176354,346.528,96310.345,0,0.000,0,4.009,0,0,162.032,16.548,92,0
tree/mixed-3x6/s8,mixed,even,3,8,G-RTA,5,1,3,0,103.584,54.581,63.584,1821.083,7.599,0,5,1229,254566,325.660,16898.683,0,0.000,0,2.672,0,0,104.592,27.124,92,0
tree/mixed-3x6/s8,mixed,even,3,8,G-RTA-X,5,1,3,0,106.400,50.581,66.400,1519.256,7.732,0,5,1749,292297,299.649,12292.192,0,0.000,1,0.994,0,0,107.408,25.832,92,0
tree/mixed-3x6/s8,mixed,even,3,8,G-STA,3,1,3,0,127.136,69.717,87.136,1392.555,5.597,0,3,1045,202743,323.105,11264.087,0,0.000,1,0.706,0,0,128.144,18.858,92,0
tree/mixed-3x6/s9,mixed,even,3,9,G-RTA,2,1,3,0,209.632,124.437,169.632,1623.260,6.150,0,2,1036,213717,313.889,92520.813,0,0.000,2,0.042,0,0,210.640,19.551,92,0
tree/mixed-3x6/s9,mixed,even,3,9,G-RTA,3,1,3,0,136.864,71.637,96.864,1489.838,6.026,0,3,1005,207532,300.465,19163.797,0,0.000,0,2.360,0,0,137.872,18.751,92,0
tree/mixed-3x6/s9,mixed,even,3,9,G-RTA-X,2,1,3,0,177.344,96.085,137.344,1325.614,5.211,0,2,994,191447,285.507,9799.378,0,0.000,0,1.101,0,0,178.352,15.221,92,0
tree/mixed-3x6/s10,mixed,even,3,10,S1,1,1,3,0,331.784,209.149,311.784,1324.259,4.861,0,1,768,171235,0.193,4039.549,3,4.040,0,-1.000,0,0,332.792,1.529,90,0
tree/mixed-3x6/s8,mixed,even,3,8,G-STA,5,1,3,0,109.856,51.733,69.856,1647.534,7.984,0,5,1791,301385,298.223,17466.295,0,0.000,2,0.406,0,0,110.864,26.521,92,0
tree/mixed-3x6/s9,mixed,even,3,9,G-RTA,5,1,3,0,95.168,47.701,55.168,1557.684,6.961,0,5,1138,235612,316.864,12259.828,0,0.000,0,3.042,0,0,96.176,24.184,92,0
tree/mixed-3x6/s9,mixed,even,3,9,G-RTA-X,3,1,3,0,137.408,71.819,97.408,1453.384,6.034,0,3,1121,216333,296.498,28783.111,0,0.000,1,0.760,0,0,138.416,18.881,92,0
tree/mixed-3x6/s9,mixed,even,3,9,G-STA,2,1,3,0,181.824,92.064,141.824,1262.969,5.322,0,2,999,195043,315.412,16385.808,0,0.000,0,2.423,0,0,182.832,17.487,92,0
tree/mixed-3x6/s9,mixed,even,3,9,G-RTA-X,5,1,3,0,98.976,51.072,58.976,1456.857,7.203,0,5,1304,251812,289.852,13900.685,0,0.000,0,2.595,0,0,99.984,23.473,92,0
tree/mixed-3x6/s9,mixed,even,3,9,G-STA,3,1,3,0,132.864,69.184,92.864,1376.031,5.826,0,3,1074,210085,316.886,13445.522,0,0.000,0,3.707,0,0,133.872,19.671,92,0
tree/mixed-3x6/s10,mixed,even,3,10,G-RTA,2,1,3,0,176.224,102.485,136.224,1266.634,5.165,0,2,887,182721,312.071,16509.943,0,0.000,0,2.528,0,0,177.232,16.795,90,0
tree/mixed-3x6/s10,mixed,even,3,10,G-RTA,3,1,3,0,146.816,77.003,106.816,1567.526,6.442,0,3,1068,220450,308.413,24405.505,0,0.000,3,0.271,0,0,147.824,21.001,90,0
tree/mixed-3x6/s9,mixed,even,3,9,G-STA,5,1,3,0,106.464,51.851,66.464,1536.564,7.738,0,5,1382,268542,298.696,16600.373,0,0.000,0,3.270,0,0,107.472,25.993,92,0
tree/mixed-3x6/s10,mixed,even,3,10,G-RTA-X,2,1,3,0,176.224,102.485,136.224,1159.072,5.152,0,2,962,188611,316.828,20601.138,0,0.000,0,2.528,0,0,177.232,16.944,90,0
tree/mixed-6x4-i5/s1,mixed,even,6,1,S1,1,1,6,0,540.840,285.023,525.840,2184.673,7.944,0,1,1252,282628,0.182,4058.590,6,4.059,0,-1.000,0,0,541.848,2.462,156,0
tree/mixed-3x6/s10,mixed,even,3,10,G-RTA-X,3,1,3,0,141.408,75.573,101.408,1350.710,6.191,0,3,1273,230447,304.834,12370.846,0,0.000,2,0.176,0,0,142.416,19.976,90,0
tree/mixed-3x6/s10,mixed,even,3,10,G-RTA,5,1,3,0,118.240,59.157,78.240,2060.726,8.612,0,5,1380,284732,311.394,12581.046,0,0.000,1,0.482,0,0,119.248,29.664,90,0
tree/mixed-3x6/s10,mixed,even,3,10,G-STA,2,1,3,0,195.392,100.992,155.392,1394.776,5.709,0,2,1060,206834,335.966,13515.602,0,0.000,0,2.528,0,0,196.400,19.538,90,0
tree/mixed-3x6/s10,mixed,even,3,10,G-STA,3,1,3,0,152.992,79.659,112.992,1515.974,6.680,0,3,1212,236847,317.318,12362.379,0,0.000,0,2.995,0,0,154.000,22.335,90,0
tree/mixed-3x6/s10,mixed,even,3,10,G-RTA-X,5,1,3,0,108.000,59.765,68.000,1600.555,7.842,0,5,1665,287698,312.073,16346.224,0,0.000,0,2.391,0,0,109.008,27.144,90,0
tree/mixed-3x6/s10,mixed,even,3,10,G-STA,5,1,3,0,108.032,54.901,68.032,1584.955,7.841,0,5,1409,272591,323.810,17542.527,0,0.000,0,3.415,0,0,109.040,28.025,90,0
tree/mixed-6x4-i5/s1,mixed,even,6,1,G-RTA,2,1,6,0,308.192,220.097,283.648,2334.236,9.045,0,2,1538,319741,561.460,20795.284,0,0.000,0,1.016,0,0,309.200,50.306,156,0
tree/mixed-6x4-i5/s1,mixed,even,6,1,G-RTA,3,1,6,0,221.536,146.572,206.536,2508.194,9.740,0,3,1626,339811,551.723,13370.242,0,0.000,0,1.152,0,0,222.544,55.275,156,0
tree/mixed-6x4-i5/s2,mixed,even,6,2,S1,1,1,6,0,494.248,258.959,469.248,1994.108,7.254,0,1,1144,257494,0.112,213.307,6,0.213,0,-1.000,0,0,495.256,2.196,142,0
tree/mixed-6x4-i5/s1,mixed,even,6,1,G-RTA-X,2,1,6,0,304.064,222.273,279.064,2254.308,8.910,0,2,1661,327562,561.442,12663.100,0,0.000,0,1.016,0,0,305.072,49.990,156,0
tree/mixed-6x4-i5/s1,mixed,even,6,1,G-STA,2,1,6,0,294.208,172.684,279.208,2142.288,8.618,0,2,1616,318365,541.893,20194.391,0,0.000,0,3.965,0,0,295.216,46.591,156,0
tree/mixed-6x4-i5/s1,mixed,even,6,1,G-RTA-X,3,1,6,0,215.040,132.695,200.040,2319.887,9.425,0,3,1743,342803,583.017,17436.348,0,0.000,0,3.622,0,0,216.048,56.284,156,0
tree/mixed-6x4-i5/s1,mixed,even,6,1,G-STA,3,1,6,0,217.088,133.335,202.088,2401.458,9.522,0,3,1758,345299,598.087,16598.367,0,0.000,1,0.165,0,0,218.096,58.182,156,0
tree/mixed-6x4-i5/s1,mixed,even,6,1,G-RTA,5,1,6,0,169.952,102.455,154.952,2993.316,12.404,0,5,2011,421015,615.480,13114.000,0,0.000,16,0.113,0,0,170.960,81.737,156,0
tree/mixed-6x4-i5/s1,mixed,even,6,1,G-RTA-X,5,1,6,0,154.976,100.487,139.976,2552.194,11.290,0,5,2400,422883,630.065,28695.642,0,0.000,1,0.657,0,0,155.984,76.833,156,0
tree/mixed-6x4-i5/s2,mixed,even,6,2,G-RTA,2,1,6,0,265.440,182.567,240.440,1987.163,7.795,0,2,1338,277761,548.620,20560.888,0,0.000,0,2.726,0,0,266.448,42.179,142,0
tree/mixed-6x4-i5/s2,mixed,even,6,2,G-RTA,3,1,6,0,191.680,130.449,166.680,2073.598,8.420,0,3,1420,296366,552.629,16664.829,0,0.000,1,0.598,0,0,192.688,47.447,142,0
tree/mixed-6x4-i5/s2,mixed,even,6,2,G-RTA-X,2,1,6,0,266.912,180.071,241.912,1886.404,7.816,0,2,1465,288236,538.213,24354.117,0,0.000,0,2.726,0,0,267.920,41.698,142,0
tree/mixed-6x4-i5/s3,mixed,even,6,3,S1,1,1,6,0,497.928,268.191,487.928,2032.918,7.318,0,1,1152,259779,0.301,4360.245,6,4.360,0,-1.000,0,0,498.936,2.053,146,0
tree/mixed-6x4-i5/s1,mixed,even,6,1,G-STA,5,1,6,0,154.784,95.820,139.784,2521.206,11.261,0,5,2035,399909,617.674,20562.623,0,0.000,0,3.280,0,0,155.792,74.347,156,0
tree/mixed-6x4-i5/s2,mixed,even,6,2,G-RTA-X,3,1,6,0,191.680,130.449,166.680,1997.415,8.409,0,3,1558,306897,540.992,20256.120,0,0.000,1,0.598,0,0,192.688,46.794,142,0
tree/mixed-6x4-i5/s2,mixed,even,6,2,G-RTA,5,1,6,0,152.352,98.705,142.352,2684.614,11.118,0,5,1808,377313,593.123,28957.823,0,0.000,1,0.627,0,0,153.360,71.050,142,0
tree/mixed-6x4-i5/s2,mixed,even,6,2,G-STA,2,1,6,0,252.512,146.220,227.512,1864.990,7.405,0,2,1397,275961,574.211,16844.385,0,0.000,0,2.726,0,0,253.520,41.940,142,0
tree/mixed-6x4-i5/s2,mixed,even,6,2,G-RTA-X,5,1,6,0,139.104,82.668,114.104,2111.402,10.109,0,5,2866,422113,541.919,24367.962,0,0.000,0,1.399,0,0,140.112,59.471,142,0
tree/mixed-6x4-i5/s2,mixed,even,6,2,G-STA,3,1,6,0,203.712,125.468,178.712,2055.544,8.916,0,3,1632,322351,536.718,26454.369,0,0.000,0,1.924,0,0,204.720,48.899,142,0
tree/mixed-6x4-i5/s3,mixed,even,6,3,G-RTA,2,1,6,0,266.368,199.548,241.368,1978.888,7.821,0,2,1346,279665,566.360,25119.178,0,0.000,0,3.951,0,0,267.376,43.763,146,0
tree/mixed-6x4-i5/s2,mixed,even,6,2,G-STA,5,1,6,0,140.672,88.791,115.672,2236.202,10.232,0,5,2376,395289,600.676,27589.636,0,0.000,0,3.297,0,0,141.680,66.464,142,0
tree/mixed-6x4-i5/s3,mixed,even,6,3,G-RTA-X,2,1,6,0,260.320,200.375,253.504,1965.603,7.642,0,2,1451,285295,560.916,15263.240,0,0.000,0,3.393,0,0,261.328,42.094,146,0
tree/mixed-6x4-i5/s3,mixed,even,6,3,G-RTA,3,1,6,0,199.104,138.497,174.104,2217.521,8.759,0,3,1474,307832,597.577,28202.688,0,0.000,2,0.391,0,0,200.112,53.071,146,1
tree/mixed-6x4-i5/s4,mixed,even,6,4,S1,1,1,6,0,592.072,317.535,567.072,2285.098,8.658,0,1,1368,305396,0.157,4039.005,6,4.039,0,-1.000,0,0,593.080,2.271,156,0
tree/mixed-6x4-i5/s3,mixed,even,6,3,G-RTA-X,3,1,6,0,194.368,136.924,169.368,2006.077,8.518,0,3,1572,310352,590.529,84512.488,0,0.000,0,3.920,0,0,195.376,51.105,146,0
tree/mixed-6x4-i5/s3,mixed,even,6,3,G-STA,2,1,6,0,264.800,169.932,239.800,1958.071,7.768,0,2,1460,288119,605.276,80870.225,0,0.000,0,3.142,0,0,265.808,46.177,146,0
tree/mixed-6x4-i5/s3,mixed,even,6,3,G-RTA,5,1,6,0,143.264,90.647,123.264,2405.964,10.445,0,5,1715,358166,612.141,26535.382,0,0.000,0,3.260,0,0,144.272,68.174,146,0
tree/mixed-6x4-i5/s3,mixed,even,6,3,G-STA,3,1,6,0,193.280,126.417,173.280,2077.409,8.480,0,3,1568,309535,603.878,13913.835,0,0.000,0,2.502,0,0,194.288,51.474,146,0
tree/mixed-6x4-i5/s3,mixed,even,6,3,G-RTA-X,5,1,6,0,141.056,89.703,121.056,2286.799,10.266,0,5,2385,396965,602.315,20993.286,0,0.000,1,0.982,0,0,142.064,66.390,146,0
tree/mixed-6x4-i5/s4,mixed,even,6,4,G-RTA,2,1,6,0,326.048,219.185,301.048,2448.097,9.521,0,2,1616,335671,616.129,86537.368,0,0.000,0,3.957,0,0,327.056,57.668,156,0
tree/mixed-6x4-i5/s3,mixed,even,6,3,G-STA,5,1,6,0,144.864,89.564,129.864,2265.421,10.537,0,5,2270,396589,594.110,28579.500,0,0.000,0,3.346,0,0,145.872,66.841,146,0
tree/mixed-6x4-i5/s4,mixed,even,6,4,G-RTA,3,1,6,0,245.600,171.815,230.600,2724.603,10.750,0,3,1781,371115,611.769,92463.007,0,0.000,0,1.665,0,0,246.608,66.671,156,0
tree/mixed-6x4-i5/s5,mixed,even,6,5,S1,1,1,6,0,537.800,301.993,527.800,2192.668,7.885,0,1,1244,279157,0.280,4045.786,6,4.046,0,-1.000,0,0,538.808,2.131,150,0
tree/mixed-6x4-i5/s4,mixed,even,6,4,G-RTA-X,2,1,6,0,313.760,235.159,303.760,2336.066,9.169,0,2,1703,336169,619.402,25942.825,0,0.000,0,3.957,0,0,314.768,55.683,156,0
tree/mixed-6x4-i5/s4,mixed,even,6,4,G-RTA-X,3,1,6,0,245.600,166.060,230.600,2508.718,10.717,0,3,1958,384629,602.817,30588.121,0,0.000,0,1.667,0,0,246.608,65.945,156,0
tree/mixed-6x4-i5/s4,mixed,even,6,4,G-RTA,5,1,6,0,166.496,121.025,151.496,2948.664,12.127,0,5,1970,411148,645.501,12657.642,0,0.000,2,0.435,0,0,167.504,83.864,156,0
tree/mixed-6x4-i5/s4,mixed,even,6,4,G-STA,2,1,6,0,309.728,207.644,284.728,2253.038,9.054,0,2,1685,333115,694.705,30240.486,0,0.000,0,3.957,0,0,310.736,61.181,156,0
tree/mixed-6x4-i5/s4,mixed,even,6,4,G-RTA-X,5,1,6,0,164.128,111.959,139.128,2626.185,11.910,0,5,2530,443847,648.311,13313.223,0,0.000,0,1.934,0,0,165.136,83.217,156,0
tree/mixed-6x4-i5/s5,mixed,even,6,5,G-RTA,2,1,6,0,312.832,218.519,302.832,2389.632,9.176,0,2,1553,322566,587.180,19052.421,0,0.000,11,0.207,0,0,313.840,53.164,150,0
tree/mixed-6x4-i5/s4,mixed,even,6,4,G-STA,3,1,6,0,234.528,149.777,209.528,2402.382,10.246,0,3,1878,369451,692.481,20451.451,0,0.000,0,3.039,0,0,235.536,71.546,156,0
tree/mixed-6x4-i5/s5,mixed,even,6,5,G-RTA,3,1,6,0,212.576,151.777,210.272,2357.358,9.352,0,3,1561,326083,614.280,15355.717,0,0.000,0,1.949,0,0,213.584,58.087,150,0
tree/mixed-6x4-i5/s5,mixed,even,6,5,G-RTA-X,2,1,6,0,285.632,205.617,278.624,2154.529,8.379,0,2,1577,309206,609.358,12547.408,0,0.000,0,3.342,0,0,286.640,50.298,150,0
tree/mixed-6x4-i5/s6,mixed,even,6,6,S1,1,1,6,0,539.848,307.055,529.848,2210.812,7.918,0,1,1250,280592,0.127,547.918,6,0.548,0,-1.000,0,0,540.856,2.513,150,0
tree/mixed-6x4-i5/s5,mixed,even,6,5,G-RTA-X,3,1,6,0,210.368,147.239,200.368,2221.350,9.225,0,3,1696,334937,609.871,28479.613,0,0.000,0,1.949,0,0,211.376,57.014,150,0
tree/mixed-6x4-i5/s4,mixed,even,6,4,G-STA,5,1,6,0,168.576,108.124,148.576,2733.481,12.243,0,5,2580,452859,698.520,92588.472,0,0.000,1,0.629,0,0,169.584,91.525,156,0
tree/mixed-6x4-i5/s5,mixed,even,6,5,G-RTA,5,1,6,0,156.864,109.079,145.392,2754.260,11.461,0,5,1862,388208,661.265,33035.962,0,0.000,0,1.387,0,0,157.872,80.543,150,0
tree/mixed-6x4-i5/s5,mixed,even,6,5,G-STA,2,1,6,0,283.232,172.129,258.232,2136.453,8.309,0,2,1553,306544,648.883,40501.487,0,0.000,0,3.385,0,0,284.240,52.327,150,0
tree/mixed-6x4-i5/s5,mixed,even,6,5,G-STA,3,1,6,0,208.320,144.988,188.496,2236.749,9.122,0,3,1677,330594,645.236,14591.861,0,0.000,0,1.949,0,0,209.328,58.996,150,0
tree/mixed-6x4-i5/s6,mixed,even,6,6,G-RTA,2,1,6,0,272.576,187.724,251.208,2085.638,8.001,0,2,1377,286779,561.150,31425.463,0,0.000,0,3.648,0,0,273.584,44.074,150,0
tree/mixed-6x4-i5/s5,mixed,even,6,5,G-RTA-X,5,1,6,0,166.720,108.476,141.720,2602.902,12.093,0,5,2669,453163,619.723,21693.883,0,0.000,1,0.896,0,0,167.728,80.377,150,0
tree/mixed-6x4-i5/s6,mixed,even,6,6,G-RTA,3,1,6,0,203.744,133.249,181.832,2309.710,8.947,0,3,1505,314348,602.237,32007.592,0,0.000,0,2.653,0,0,204.752,54.642,150,0
tree/mixed-6x4-i5/s5,mixed,even,6,5,G-STA,5,1,6,0,142.880,98.145,117.880,2340.923,10.402,0,5,2020,379723,689.844,16636.475,0,0.000,0,2.452,0,0,143.888,76.062,150,0
tree/mixed-6x4-i5/s7,mixed,even,6,7,S1,1,1,6,0,533.640,293.673,518.640,2127.011,7.817,0,1,1234,277005,0.172,4042.674,6,4.043,0,-1.000,0,0,534.648,2.335,150,0
tree/mixed-6x4-i5/s6,mixed,even,6,6,G-RTA-X,2,1,6,0,272.576,187.724,251.208,2066.366,7.995,0,2,1500,296529,577.719,14119.964,0,0.000,0,3.648,0,0,273.584,45.814,150,0
tree/mixed-6x4-i5/s6,mixed,even,6,6,G-RTA,5,1,6,0,149.184,99.452,133.032,2631.744,10.912,0,5,1781,373159,633.715,18274.502,0,0.000,0,3.224,0,0,150.192,73.649,150,0
tree/mixed-6x4-i5/s6,mixed,even,6,6,G-RTA-X,3,1,6,0,196.896,137.185,181.896,2142.902,8.653,0,3,1867,331219,639.009,28793.032,0,0.000,0,3.252,0,0,197.904,55.805,150,0
tree/mixed-6x4-i5/s6,mixed,even,6,6,G-STA,2,1,6,0,279.552,183.345,264.552,2162.433,8.218,0,2,1540,303749,573.687,27848.660,0,0.000,0,3.648,0,0,280.560,46.779,150,0
tree/mixed-6x4-i5/s6,mixed,even,6,6,G-STA,3,1,6,0,194.816,133.585,179.816,2155.085,8.562,0,3,1596,313633,625.692,60889.831,0,0.000,0,1.397,0,0,195.824,54.200,150,0
tree/mixed-6x4-i5/s6,mixed,even,6,6,G-RTA-X,5,1,6,0,145.632,99.089,134.704,2526.815,10.619,0,5,2438,406616,623.849,24573.151,0,0.000,1,0.716,0,0,146.640,70.513,150,0
tree/mixed-6x4-i5/s7,mixed,even,6,7,G-RTA,2,1,6,0,292.256,205.751,267.256,2167.426,8.563,0,2,1463,303875,597.338,26889.786,0,0.000,0,1.948,0,0,293.264,50.370,150,0
tree/mixed-6x4-i5/s7,mixed,even,6,7,G-RTA,3,1,6,0,199.520,139.612,174.520,2185.531,8.762,0,3,1478,308790,573.360,14458.241,0,0.000,0,2.022,0,0,200.528,51.201,150,0
tree/mixed-6x4-i5/s6,mixed,even,6,6,G-STA,5,1,6,0,141.984,95.633,131.984,2344.852,10.343,0,5,1994,376168,636.736,15761.012,0,0.000,0,2.888,0,0,142.992,69.827,150,0
tree/mixed-6x4-i5/s8,mixed,even,6,8,S1,1,1,6,0,469.800,274.815,449.800,1857.797,6.910,0,1,1090,247719,0.193,4048.511,6,4.049,0,-1.000,0,0,470.808,2.052,146,0
tree/mixed-6x4-i5/s7,mixed,even,6,7,G-RTA-X,2,1,6,0,292.256,205.751,267.256,2114.823,8.559,0,2,1600,314668,587.873,14999.422,0,0.000,0,1.948,0,0,293.264,49.329,150,0
tree/mixed-6x4-i5/s7,mixed,even,6,7,G-RTA-X,3,1,6,0,198.016,131.388,178.888,2120.108,8.691,0,3,1620,316878,601.685,25999.146,0,0.000,0,2.162,0,0,199.024,52.939,150,0
tree/mixed-6x4-i5/s7,mixed,even,6,7,G-RTA,5,1,6,0,152.064,103.292,127.064,2645.834,11.102,0,5,1811,378277,641.079,20564.426,0,0.000,1,0.837,0,0,153.072,76.558,150,0
tree/mixed-6x4-i5/s7,mixed,even,6,7,G-STA,2,1,6,0,284.992,184.593,259.992,2105.142,8.346,0,2,1563,307485,586.850,28772.650,0,0.000,0,1.948,0,0,286.000,48.230,150,0
tree/mixed-6x4-i5/s7,mixed,even,6,7,G-STA,3,1,6,0,207.616,130.657,182.616,2084.797,9.081,0,3,1677,329068,601.631,21207.218,0,0.000,0,2.162,0,0,208.624,55.754,150,0
tree/mixed-6x4-i5/s7,mixed,even,6,7,G-RTA-X,5,1,6,0,150.752,91.207,125.752,2511.492,10.968,0,5,2102,397221,607.446,29615.147,0,0.000,0,2.517,0,0,151.760,71.723,150,0
tree/mixed-6x4-i5/s8,mixed,even,6,8,G-RTA,2,1,6,0,239.008,156.743,214.008,1734.305,7.032,0,2,1226,254926,642.911,18147.261,0,0.000,0,3.961,0,0,240.016,44.357,146,0
tree/mixed-6x4-i5/s8,mixed,even,6,8,G-RTA,3,1,6,0,193.376,121.884,183.376,2039.756,8.517,0,3,1433,299050,642.711,12636.394,0,0.000,0,2.249,0,0,194.384,55.406,146,0
tree/mixed-6x4-i5/s7,mixed,even,6,7,G-STA,5,1,6,0,150.432,92.977,128.552,2477.083,10.944,0,5,2094,396218,633.076,23066.464,0,0.000,0,2.485,0,0,151.440,74.359,150,0
tree/mixed-6x4-i5/s9,mixed,even,6,9,S1,1,1,6,0,490.120,266.591,480.120,1943.704,7.195,0,1,1136,256249,0.140,1790.050,6,1.790,0,-1.000,0,0,491.128,2.244,144,0
tree/mixed-6x4-i5/s8,mixed,even,6,8,G-RTA-X,2,1,6,0,238.336,156.519,213.336,1689.557,7.012,0,2,1335,263043,630.979,25645.526,0,0.000,0,3.961,0,0,239.344,43.433,146,0
tree/mixed-6x4-i5/s8,mixed,even,6,8,G-RTA-X,3,1,6,0,184.256,115.724,159.256,1910.640,8.103,0,3,1517,297685,650.622,40711.551,0,0.000,0,2.249,0,0,185.264,53.602,146,0
tree/mixed-6x4-i5/s8,mixed,even,6,8,G-RTA,5,1,6,0,151.424,88.599,129.008,2602.301,11.041,0,5,1802,376291,619.722,30760.398,0,0.000,0,1.439,0,0,152.432,73.999,146,0
tree/mixed-6x4-i5/s8,mixed,even,6,8,G-STA,2,1,6,0,246.816,149.969,241.816,1833.163,7.270,0,2,1377,271175,635.547,12680.103,0,0.000,0,3.425,0,0,247.824,45.193,146,0
tree/mixed-6x4-i5/s8,mixed,even,6,8,G-STA,3,1,6,0,192.160,110.519,172.160,1988.711,8.439,0,3,1561,308079,641.663,12754.603,0,0.000,2,0.302,0,0,193.168,55.011,146,0
tree/mixed-6x4-i5/s9,mixed,even,6,9,G-RTA,2,1,6,0,264.256,174.188,254.256,1988.417,7.752,0,2,1336,277441,547.277,16711.980,0,0.000,0,3.763,0,0,265.264,42.098,144,0
tree/mixed-6x4-i5/s8,mixed,even,6,8,G-RTA-X,5,1,6,0,134.560,83.367,119.088,2217.690,9.828,0,5,2217,375735,665.643,39541.075,0,0.000,0,1.851,0,0,135.568,69.866,146,0
tree/mixed-6x4-i5/s9,mixed,even,6,9,G-RTA,3,1,6,0,199.712,136.508,189.712,2187.752,8.789,0,3,1475,307914,576.401,26253.025,0,0.000,4,0.081,0,0,200.720,52.045,144,0
tree/mixed-6x4-i5/s9,mixed,even,6,9,G-RTA-X,2,1,6,0,253.248,164.076,243.248,1870.307,7.430,0,2,1663,292113,571.583,28728.771,0,0.000,0,3.763,0,0,254.256,42.111,144,0
tree/mixed-6x4-i5/s8,mixed,even,6,8,G-STA,5,1,6,0,127.552,77.212,102.552,2139.649,9.326,0,5,1707,334430,706.345,46488.729,0,0.000,0,2.905,0,0,128.560,70.168,146,0
tree/mixed-6x4-i5/s10,mixed,even,6,10,S1,1,1,6,0,561.096,321.919,541.096,2274.062,8.215,0,1,1298,289839,0.354,5220.457,6,5.220,0,-1.000,0,0,562.104,2.443,150,0
tree/mixed-6x4-i5/s9,mixed,even,6,9,G-RTA-X,3,1,6,0,195.904,133.249,185.904,2054.109,8.598,0,3,1601,312791,553.222,32531.921,0,0.000,0,3.541,0,0,196.912,49.076,144,0
tree/mixed-6x4-i5/s9,mixed,even,6,9,G-RTA,5,1,6,0,142.976,93.617,126.192,2487.434,10.432,0,5,1708,356257,610.359,32445.252,0,0.000,0,1.962,0,0,143.984,68.906,144,0
tree/mixed-6x4-i5/s9,mixed,even,6,9,G-STA,2,1,6,0,270.304,168.225,260.304,2036.935,7.920,0,2,1496,293447,594.101,20754.266,0,0.000,1,0.525,0,0,271.312,46.544,144,0
tree/mixed-6x4-i5/s9,mixed,even,6,9,G-STA,3,1,6,0,183.328,122.161,171.536,1965.706,8.057,0,3,1647,304527,671.574,16928.638,0,0.000,0,3.542,0,0,184.336,54.763,144,0
tree/mixed-6x4-i5/s9,mixed,even,6,9,G-RTA-X,5,1,6,0,135.040,87.996,125.040,2238.783,9.852,0,5,2088,367596,619.121,42738.071,0,0.000,1,0.170,0,0,136.048,65.548,144,0
tree/mixed-6x4-i5/s10,mixed,even,6,10,G-RTA,2,1,6,0,303.776,209.212,278.776,2300.093,8.896,0,2,1513,314168,581.587,18991.474,0,0.000,0,2.528,0,0,304.784,51.887,150,0
tree/mixed-6x4-i5/s10,mixed,even,6,10,G-RTA,3,1,6,0,214.464,137.980,202.800,2349.134,9.416,0,3,1574,328129,653.538,27585.385,0,0.000,7,0.531,0,0,215.472,63.606,150,0
tree/mixed-6x4-i5/s9,mixed,even,6,9,G-STA,5,1,6,0,141.216,85.292,119.120,2334.576,10.277,0,5,2150,382574,644.703,13330.870,0,0.000,0,3.203,0,0,142.224,73.088,144,0
tree/mixed-6x4-i5/s10,mixed,even,6,10,G-RTA-X,2,1,6,0,290.176,182.892,275.176,2080.242,8.485,0,2,1585,312928,619.775,29662.496,0,0.000,0,2.528,0,0,291.184,52.297,150,0
tree/mixed-6x4-i5/s10,mixed,even,6,10,G-RTA,5,1,6,0,151.616,99.639,136.360,2626.230,11.052,0,5,1806,377737,655.061,38596.537,0,0.000,0,3.171,0,0,152.624,78.042,150,0
tree/mixed-6x4-i5/s10,mixed,even,6,10,G-RTA-X,3,1,6,0,212.800,136.497,202.800,2249.425,9.319,0,3,1711,337771,631.259,35205.489,0,0.000,0,2.218,0,0,213.808,60.788,150,0
tree/mixed-6x4-i5/s10,mixed,even,6,10,G-STA,2,1,6,0,312.672,185.969,302.672,2370.518,9.138,0,2,1703,334117,573.363,20816.936,0,0.000,0,2.528,0,0,313.680,51.891,150,0
tree/mixed-6x4-i5/s10,mixed,even,6,10,G-RTA-X,5,1,6,0,148.224,99.313,138.224,2419.505,10.791,0,5,2331,404468,549.684,25019.757,0,0.000,0,1.107,0,0,149.232,62.483,150,0
tree/mixed-6x4-i5/s10,mixed,even,6,10,G-STA,3,1,6,0,217.472,129.127,207.472,2328.768,9.511,0,3,1733,342398,486.220,14671.493,0,0.000,0,2.063,0,0,218.480,47.176,150,0
tree/mixed-6x4-i5/s10,mixed,even,6,10,G-STA,5,1,6,0,155.264,94.849,145.264,2633.786,11.288,0,5,2027,398508,398.007,21740.446,0,0.000,0,1.353,0,0,156.272,47.339,150,0
